year,rank,title,genre,total_gross
2015,1,Jurassic World,Dinosaur Adventure,"$652,270,625"
2015,1,Jurassic World,Jungle Adventure,
2015,1,Jurassic World,Action,
2015,1,Jurassic World,Adventure,
2015,1,Jurassic World,Sci-Fi,
2015,2,Star Wars: Episode VII - The Force Awakens,Action Epic,"$936,662,225"
2015,2,Star Wars: Episode VII - The Force Awakens,Adventure Epic,
2015,2,Star Wars: Episode VII - The Force Awakens,Epic,
2015,2,Star Wars: Episode VII - The Force Awakens,Quest,
2015,2,Star Wars: Episode VII - The Force Awakens,Sci-Fi Epic,
2015,2,Star Wars: Episode VII - The Force Awakens,Space Sci-Fi,
2015,2,Star Wars: Episode VII - The Force Awakens,Action,
2015,2,Star Wars: Episode VII - The Force Awakens,Adventure,
2015,2,Star Wars: Episode VII - The Force Awakens,Sci-Fi,
2015,3,Avengers: Age of Ultron,Artifical Intelligence,"$459,005,868"
2015,3,Avengers: Age of Ultron,Superhero,
2015,3,Avengers: Age of Ultron,Urban Adventure,
2015,3,Avengers: Age of Ultron,Action,
2015,3,Avengers: Age of Ultron,Adventure,
2015,3,Avengers: Age of Ultron,Sci-Fi,
2015,4,Inside Out,Coming-of-Age,"$356,461,711"
2015,4,Inside Out,Psychological Drama,
2015,4,Inside Out,Adventure,
2015,4,Inside Out,Animation,
2015,4,Inside Out,Comedy,
2015,4,Inside Out,Drama,
2015,4,Inside Out,Family,
2015,4,Inside Out,Fantasy,
2015,5,Furious 7,Car Action,"$353,007,020"
2015,5,Furious 8,Action,
2015,5,Furious 9,Thriller,
2015,6,American Sniper,Docudrama,"$350,126,372"
2015,6,American Sniper,Psychological Drama,
2015,6,American Sniper,Action,
2015,6,American Sniper,Biography,
2015,6,American Sniper,Drama,
2015,6,American Sniper,War,
2015,7,Minions,Dark Comedy,"$336,045,770"
2015,7,Minions,Farce,
2015,7,Minions,Quest,
2015,7,Minions,Satire,
2015,7,Minions,Slapstick,
2015,7,Minions,Adventure,
2015,7,Minions,Animation,
2015,7,Minions,Comedy,
2015,7,Minions,Crime,
2015,8,The Hunger Games: Mockingjay - Part 2,Dystopian Sci-Fi,"$281,723,902"
2015,8,The Hunger Games: Mockingjay - Part 2,Teen Adventure,
2015,8,The Hunger Games: Mockingjay - Part 2,Action,
2015,8,The Hunger Games: Mockingjay - Part 2,Adventure,
2015,8,The Hunger Games: Mockingjay - Part 2,Sci-Fi,
2015,8,The Hunger Games: Mockingjay - Part 2,Thriller,
2015,9,The Martian,Space Sci-Fi,"$228,433,663"
2015,9,The Martian,Survival,
2015,9,The Martian,Adventure,
2015,9,The Martian,Drama,
2015,9,The Martian,Sci-Fi,
2015,10,Cinderella,Fairy Tale,"$201,151,353"
2015,10,Cinderella,Supernatural Fantasy,
2015,10,Cinderella,Adventure,
2015,10,Cinderella,Drama,
2015,10,Cinderella,Family,
2015,10,Cinderella,Fantasy,
2015,10,Cinderella,Romance,
2016,1,Finding Dory,Animal Adventure,"$486,295,561"
2016,1,Finding Dory,Sea Adventure,
2016,1,Finding Dory,Adventure,
2016,1,Finding Dory,Animation,
2016,1,Finding Dory,Comedy,
2016,1,Finding Dory,Family,
2016,1,Finding Dory,Fantasy,
2016,1,Finding Dory,Mystery,
2016,2,Rogue One: A Star Wars Story,Action Epic,"$532,177,324"
2016,2,Rogue One: A Star Wars Story,Adventure Epic,
2016,2,Rogue One: A Star Wars Story,Dystopian Sci-Fi,
2016,2,Rogue One: A Star Wars Story,Epic,
2016,2,Rogue One: A Star Wars Story,Psychological Drama,
2016,2,Rogue One: A Star Wars Story,Quest,
2016,2,Rogue One: A Star Wars Story,Sci-Fi Epic,
2016,2,Rogue One: A Star Wars Story,Tragedy,
2016,2,Rogue One: A Star Wars Story,Action,
2016,3,Captain America: Civil War,Superhero,"$408,084,349"
2016,3,Captain America: Civil War,Action,
2016,3,Captain America: Civil War,Sci-Fi,
2016,4,The Secret Life of Pets,Animal Adventure,"$368,623,860"
2016,4,The Secret Life of Pets,Urban Adventure,
2016,4,The Secret Life of Pets,Adventure,
2016,4,The Secret Life of Pets,Animation,
2016,4,The Secret Life of Pets,Comedy,
2016,4,The Secret Life of Pets,Family,
2016,5,The Jungle Book,Animal Adventure,"$364,001,123"
2016,5,The Jungle Book,Jungle Adventure,
2016,5,The Jungle Book,Quest,
2016,5,The Jungle Book,Action,
2016,5,The Jungle Book,Adventure,
2016,5,The Jungle Book,Animation,
2016,5,The Jungle Book,Drama,
2016,5,The Jungle Book,Family,
2016,5,The Jungle Book,Fantasy,
2016,6,Deadpool,Dark Comedy,"$363,070,709"
2016,6,Deadpool,Gun Fu,
2016,6,Deadpool,Raunchy Comedy,
2016,6,Deadpool,Superhero,
2016,6,Deadpool,Action,
2016,6,Deadpool,Comedy,
2016,6,Deadpool,Sci-Fi,
2016,7,Zootopia,Animal Adventure,"$341,268,248"
2016,7,Zootopia,Buddy Comedy,
2016,7,Zootopia,Cop Drama,
2016,7,Zootopia,Satire,
2016,7,Zootopia,Urban Adventure,
2016,7,Zootopia,Whodunnit,
2016,7,Zootopia,Action,
2016,7,Zootopia,Adventure,
2016,8,Batman v Superman: Dawn of Justice,Superhero,"$330,360,194"
2016,8,Batman v Superman: Dawn of Justice,Tragedy,
2016,8,Batman v Superman: Dawn of Justice,Urban Adventure,
2016,8,Batman v Superman: Dawn of Justice,Action,
2016,8,Batman v Superman: Dawn of Justice,Adventure,
2016,8,Batman v Superman: Dawn of Justice,Sci-Fi,
2016,9,Suicide Squad,Action Epic,"$325,100,054"
2016,9,Suicide Squad,Adventure Epic,
2016,9,Suicide Squad,Dark Comedy,
2016,9,Suicide Squad,Dark Fantasy,
2016,9,Suicide Squad,Epic,
2016,9,Suicide Squad,Fantasy Epic,
2016,9,Suicide Squad,Sci-Fi,
2016,9,Suicide Squad,Superhero,
2016,9,Suicide Squad,Action,
2016,9,Suicide Squad,Adventure,
2017,1,Star Wars: Episode VIII - The Last Jedi,Action Epic,"$620,181,382"
2017,1,Star Wars: Episode VIII - The Last Jedi,Adventure Epic,
2017,1,Star Wars: Episode VIII - The Last Jedi,Epic,
2017,1,Star Wars: Episode VIII - The Last Jedi,Fantasy Epic,
2017,1,Star Wars: Episode VIII - The Last Jedi,Quest,
2017,1,Star Wars: Episode VIII - The Last Jedi,Sci-Fi Epic,
2017,1,Star Wars: Episode VIII - The Last Jedi,Action,
2017,1,Star Wars: Episode VIII - The Last Jedi,Sci-Fi,
2017,1,Star Wars: Episode VIII - The Last Jedi,Adventure,
2017,2,Beauty and the Beast,Dark Fantasy,"$504,014,165"
2017,2,Beauty and the Beast,Fairy Tale,
2017,2,Beauty and the Beast,Adventure,
2017,2,Beauty and the Beast,Family,
2017,2,Beauty and the Beast,Fantasy,
2017,2,Beauty and the Beast,Musical,
2017,2,Beauty and the Beast,Romance,
2017,3,Wonder Woman,Action Epic,"$412,563,408"
2017,3,Wonder Woman,Adventure Epic,
2017,3,Wonder Woman,Epic,
2017,3,Wonder Woman,Superhero,
2017,3,Wonder Woman,Fantasy Epic,
2017,3,Wonder Woman,Sci-Fi Epic,
2017,3,Wonder Woman,War Epic,
2017,3,Wonder Woman,Action,
2017,3,Wonder Woman,Adventure,
2017,3,Wonder Woman,Fantasy,
2017,3,Wonder Woman,Sci-FI,
2017,4,Guardians of the Galaxy Vol. 2,Buddy Comedy,"$389,813,101"
2017,4,Guardians of the Galaxy Vol. 3,Space Sci-Fi,
2017,4,Guardians of the Galaxy Vol. 4,Superhero,
2017,4,Guardians of the Galaxy Vol. 5,Action,
2017,4,Guardians of the Galaxy Vol. 6,Adventure,
2017,4,Guardians of the Galaxy Vol. 7,Comedy,
2017,4,Guardians of the Galaxy Vol. 8,Fantasy,
2017,4,Guardians of the Galaxy Vol. 9,Music,
2017,4,Guardians of the Galaxy Vol. 10,Sci-Fi,
2017,5,Spider-Man: Homecoming,Superhero,"$334,201,140"
2017,5,Spider-Man: Homecoming,Urban Adventure,
2017,5,Spider-Man: Homecoming,Action,
2017,5,Spider-Man: Homecoming,Adventure,
2017,5,Spider-Man: Homecoming,Sci-Fi,
2017,6,It,Monster Horror,"$327,481,748"
2017,6,It,Supernatural Horror,
2017,6,It,Horror,
2017,7,Thor: Ragnarok,Action Epic,"$315,058,289"
2017,7,Thor: Ragnarok,Adventure,
2017,7,Thor: Ragnarok,Epic,
2017,7,Thor: Ragnarok,Epic,
2017,7,Thor: Ragnarok,Fantasy Epic,
2017,7,Thor: Ragnarok,Sci-Fi Epic,
2017,7,Thor: Ragnarok,Superhero,
2017,7,Thor: Ragnarok,Action,
2017,7,Thor: Ragnarok,Adventure,
2017,7,Thor: Ragnarok,Comedy,
2017,7,Thor: Ragnarok,Fantasy,
2017,7,Thor: Ragnarok,Sci-Fi,
2017,8,Despicable Me 3,Buddy Comedy,"$264,624,300"
2017,8,Despicable Me 3,Dark Comedy,
2017,8,Despicable Me 3,Parody,
2017,8,Despicable Me 3,Satire,
2017,8,Despicable Me 3,Slapstock,
2017,8,Despicable Me 3,Adventure,
2017,8,Despicable Me 3,Animation,
2017,8,Despicable Me 3,Comedy,
2017,8,Despicable Me 3,Crime,
2017,9,Logan,Contemporary Western,"$226,277,068"
2017,9,Logan,Dystopian Sci-Fi,
2017,9,Logan,Psychological Drama,
2017,9,Logan,Psychological Thriller,
2017,9,Logan,Quest,
2017,9,Logan,Road Trip,
2017,9,Logan,Superhero,
2017,9,Logan,Tragedy,
2017,9,Logan,Action,
2017,9,Logan,Drama,
2017,10,The Fate of the Furious,Car Action,"$226,008,385"
2017,10,The Fate of the Furious,Action,
2017,10,The Fate of the Furious,Thriller,
2017,10,The Fate of the Furious,Crime,
2018,1,Black Panther,Superhero,"$700,059,566"
2018,1,Black Panther,Action,
2018,1,Black Panther,Adventure,
2018,1,Black Panther,Sci-Fi,
2018,2,Avengers: Infinity War,Action Epic,"$678,815,482"
2018,2,Avengers: Infinity War,Adventure Epic,
2018,2,Avengers: Infinity War,Alien Invasion,
2018,2,Avengers: Infinity War,Dark Comedy,
2018,2,Avengers: Infinity War,Epic,
2018,2,Avengers: Infinity War,Sci-Fi Epic,
2018,2,Avengers: Infinity War,Sci-Fi,
2018,2,Avengers: Infinity War,Superhero,
2018,2,Avengers: Infinity War,Action,
2018,2,Avengers: Infinity War,Adventure,
2018,3,Incredibles 2,Conspiracy Thriller,"$608,581,744"
2018,3,Incredibles 2,Cyber Thriller,
2018,3,Incredibles 2,Spy,
2018,3,Incredibles 2,Superhero,
2018,3,Incredibles 2,Urban Adventure,
2018,3,Incredibles 2,Action,
2018,3,Incredibles 2,Adventure,
2018,3,Incredibles 2,Animation,
2018,3,Incredibles 2,Comedy,
2018,3,Incredibles 2,Family,
2018,4,Jurassic World: Fallen Kingdom,Dinosaur Adventure,"$417,719,760"
2018,4,Jurassic World: Fallen Kingdom,Action,
2018,4,Jurassic World: Fallen Kingdom,Adventure,
2018,4,Jurassic World: Fallen Kingdom,Sci-Fi,
2018,5,Deadpool 2,Dark Comedy,"$318,491,426"
2018,5,Deadpool 2,Gun Fu,
2018,5,Deadpool 2,Raunchy Comedy,
2018,5,Deadpool 2,Superhero,
2018,5,Deadpool 2,Action,
2018,5,Deadpool 2,Comedy,
2018,5,Deadpool 2,Sci-Fi,
2018,5,Deadpool 2,Time Travel,
2018,6,The Grinch,Farce,"$271,740,675"
2018,6,The Grinch,Holiday Animation,
2018,6,The Grinch,Holiday Comedy,
2018,6,The Grinch,Holiday Family,
2018,6,The Grinch,Slapstick,
2018,6,The Grinch,Animation,
2018,6,The Grinch,Comedy,
2018,6,The Grinch,Family,
2018,6,The Grinch,Fantasy,
2018,6,The Grinch,Holiday,
2018,7,Jumanji: Welcome to the Jungle,Body Swap Comedy,"$404,515,480"
2018,7,Jumanji: Welcome to the Jungle,Jungle Adventure,
2018,7,Jumanji: Welcome to the Jungle,Quest,
2018,7,Jumanji: Welcome to the Jungle,Supernatural Fantasy,
2018,7,Jumanji: Welcome to the Jungle,Action,
2018,7,Jumanji: Welcome to the Jungle,Adventure,
2018,7,Jumanji: Welcome to the Jungle,Comedy,
2018,7,Jumanji: Welcome to the Jungle,Fantasy,
2018,8,Mission: Impossible - Fallout,Action Epic,"$220,159,104"
2018,8,Mission: Impossible - Fallout,Globetrotting Adventure,
2018,8,Mission: Impossible - Fallout,Spy,
2018,8,Mission: Impossible - Fallout,Action,
2018,8,Mission: Impossible - Fallout,Adventure,
2018,8,Mission: Impossible - Fallout,Thriller,
2018,9,Ant-Man and the Wasp,Superhero,"$216,648,740"
2018,9,Ant-Man and the Wasp,Action,
2018,9,Ant-Man and the Wasp,Adventure,
2018,9,Ant-Man and the Wasp,Comedy,
2018,9,Ant-Man and the Wasp,Sci-Fi,
2018,10,Solo: A Star Wars Story,Action Epic,"$213,767,512"
2018,10,Solo: A Star Wars Story,Adventure,
2018,10,Solo: A Star Wars Story,Epic,
2018,10,Solo: A Star Wars Story,Quest,
2018,10,Solo: A Star Wars Story,Sci-Fi Epic,
2018,10,Solo: A Star Wars Story,Action,
2018,10,Solo: A Star Wars Story,Adventure,
2018,10,Solo: A Star Wars Story,Sci-Fi,
2019,1,Avengers: Endgame,Action Epic,"$858,373,000"
2019,1,Avengers: Endgame,Adventure Epic,
2019,1,Avengers: Endgame,Dark Comedy,
2019,1,Avengers: Endgame,Epic,
2019,1,Avengers: Endgame,Sci-Fi Epic,
2019,1,Avengers: Endgame,Superhero,
2019,1,Avengers: Endgame,Time Travel,
2019,1,Avengers: Endgame,Tragedy,
2019,1,Avengers: Endgame,Action,
2019,2,The Lion King,Adventure Epic,"$543,638,043"
2019,2,The Lion King,Animal Adventure,
2019,2,The Lion King,Coming-of-Age,
2019,2,The Lion King,Epic,
2019,2,The Lion King,Adventure,
2019,2,The Lion King,Animation,
2019,2,The Lion King,Drama,
2019,2,The Lion King,Family,
2019,2,The Lion King,Musical,
2019,3,Toy Story 4,Road Trip,"$434,038,008"
2019,3,Toy Story 4,Supernatural Fantasy,
2019,3,Toy Story 4,Urban Adventure,
2019,3,Toy Story 4,Adventure,
2019,3,Toy Story 4,Animation,
2019,3,Toy Story 4,Comedy,
2019,3,Toy Story 4,Family,
2019,3,Toy Story 4,Fantasy,
2019,4,Frozen II,Dark Fantasy,"$477,373,578"
2019,4,Frozen II,Fairy Tale,
2019,4,Frozen II,Pop Musical,
2019,4,Frozen II,Quest,
2019,4,Frozen II,Animation,
2019,4,Frozen II,Comedy,
2019,4,Frozen II,Drama,
2019,4,Frozen II,Family,
2019,5,Captain Marvel,Quest,"$426,829,839"
2019,5,Captain Marvel,Space Sci-Fi,
2019,5,Captain Marvel,Superhero,
2019,5,Captain Marvel,Action,
2019,5,Captain Marvel,Adventure,
2019,5,Captain Marvel,Sci-Fi,
2019,6,Star Wars: Episode IX - The Rise of Skywalker,Action Epic,"$515,202,542"
2019,6,Star Wars: Episode IX - The Rise of Skywalker,Adventure Epic,
2019,6,Star Wars: Episode IX - The Rise of Skywalker,Dark Fantasy,
2019,6,Star Wars: Episode IX - The Rise of Skywalker,Epic,
2019,6,Star Wars: Episode IX - The Rise of Skywalker,Fantasy Epic,
2019,6,Star Wars: Episode IX - The Rise of Skywalker,Quest,
2019,6,Star Wars: Episode IX - The Rise of Skywalker,Sci-Fi Epic,
2019,6,Star Wars: Episode IX - The Rise of Skywalker,Action,
2019,6,Star Wars: Episode IX - The Rise of Skywalker,Sci-Fi,
2019,7,Spider-Man: Far from Home,Superhero,"$390,532,085"
2019,7,Spider-Man: Far from Home,Supernatural Fantasy,
2019,7,Spider-Man: Far from Home,Teen Adventure,
2019,7,Spider-Man: Far from Home,Teen Comedy,
2019,7,Spider-Man: Far from Home,Teen Fantasy,
2019,7,Spider-Man: Far from Home,Urban Adventure,
2019,7,Spider-Man: Far from Home,Action,
2019,7,Spider-Man: Far from Home,Adventure,
2019,7,Spider-Man: Far from Home,Comedy,
2019,7,Spider-Man: Far from Home,Fantasy,
2019,8,Aladdin,Adventure Epic,"$355,559,216"
2019,8,Aladdin,Desert Adventure,
2019,8,Aladdin,Fairy Tale,
2019,8,Aladdin,Fantasy Epic,
2019,8,Aladdin,Pop Musical,
2019,8,Aladdin,Romantic Comedy,
2019,8,Aladdin,Romantic Epic,
2019,8,Aladdin,Adventure,
2019,8,Aladdin,Comedy,
2019,9,Joker,Period Drama,"$335,451,311"
2019,9,Joker,Psychological Drama,
2019,9,Joker,Psychological Thriller,
2019,9,Joker,Tragedy,
2019,9,Joker,Crime,
2019,9,Joker,Drama,
2019,9,Joker,Thriller,
2019,10,It: Chapter Two,Dark Fantasy,"$211,593,228"
2019,10,It: Chapter Two,Monster Horror,
2019,10,It: Chapter Two,Supernatural Horror,
2019,10,It: Chapter Two,Drama,
2019,10,It: Chapter Two,Fantasy,
2019,10,It: Chapter Two,Horror,
2020,1,Bad Boys for Life,Action Epic,"$206,305,244"
2020,1,Bad Boys for Life,Buddy Comedy,
2020,1,Bad Boys for Life,Buddy Cop,
2020,1,Bad Boys for Life,Cop Drama,
2020,1,Bad Boys for Life,Dark Comedy,
2020,1,Bad Boys for Life,Psychological Drama,
2020,1,Bad Boys for Life,Psychological Thriller,
2020,1,Bad Boys for Life,Tragedy,
2020,1,Bad Boys for Life,Action,
2020,1,Bad Boys for Life,Comedy,
2020,2,1917,Epic,"$159,227,644"
2020,2,1917,Period Drama,
2020,2,1917,Survival,
2020,2,1917,War Epic,
2020,2,1917,Action,
2020,2,1917,Drama,
2020,2,1917,War,
2020,3,Sonic the Hedgehog,Animal Adventure,"$148,974,665"
2020,3,Sonic the Hedgehog,Buddy Comedy,
2020,3,Sonic the Hedgehog,Road Trip,
2020,3,Sonic the Hedgehog,Slapstick,
2020,3,Sonic the Hedgehog,Superhero,
2020,3,Sonic the Hedgehog,Supernatural Fantasy,
2020,3,Sonic the Hedgehog,Action,
2020,3,Sonic the Hedgehog,Adventure,
2020,3,Sonic the Hedgehog,Comedy,
2020,3,Sonic the Hedgehog,Family,
2020,4,Jumanji: The Next Level,Body Swap Comedy,"$320,314,960"
2020,4,Jumanji: The Next Level,Jungle Adventure,
2020,4,Jumanji: The Next Level,Quest,
2020,4,Jumanji: The Next Level,Supernatural Fantasy,
2020,4,Jumanji: The Next Level,Action,
2020,4,Jumanji: The Next Level,Adventure,
2020,4,Jumanji: The Next Level,Comedy,
2020,4,Jumanji: The Next Level,Fantasy,
2020,6,Birds of Prey and the Fantabulous Emancipation of One Harley Quinn,Dark Comedy,"$84,158,461"
2020,6,Birds of Prey and the Fantabulous Emancipation of One Harley Quinn,Superhero,
2020,6,Birds of Prey and the Fantabulous Emancipation of One Harley Quinn,Action,
2020,6,Birds of Prey and the Fantabulous Emancipation of One Harley Quinn,Comedy,
2020,6,Birds of Prey and the Fantabulous Emancipation of One Harley Quinn,Crime,
2020,7,Dolittle,Animal Adventure,"$77,047,065"
2020,7,Dolittle,Quest,
2020,7,Dolittle,Adventure,
2020,7,Dolittle,Comedy,
2020,7,Dolittle,Family,
2020,7,Dolittle,Fantasy,
2020,8,Little Women,Coming-of-Age,"$108,101,214"
2020,8,Little Women,Costume Drama,
2020,8,Little Women,Epic,
2020,8,Little Women,Holiday Romance,
2020,8,Little Women,Period Drama,
2020,8,Little Women,Romantic Epic,
2020,8,Little Women,Teen Drama,
2020,8,Little Women,Teen Romance,
2020,8,Little Women,Drama,
2020,8,Little Women,Romance,
2020,9,The Invisible Man,B-Horror,"$70,410,000"
2020,9,The Invisible Man,Psychological Drama,
2020,9,The Invisible Man,Psychological Horror,
2020,9,The Invisible Man,Psychological Thriller,
2020,9,The Invisible Man,Suspence Mystery,
2020,9,The Invisible Man,Whodunnit,
2020,9,The Invisible Man,Drama,
2020,9,The Invisible Man,Horror,
2020,9,The Invisible Man,Mystery,
2020,9,The Invisible Man,Sci-Fi,
2020,10,The Call of the Wild,Adventure Epic,"$62,342,368"
2020,10,The Call of the Wild,Animal Adventure,
2020,10,The Call of the Wild,Epic,
2020,10,The Call of the Wild,Mountain Adventure,
2020,10,The Call of the Wild,Quest,
2020,10,The Call of the Wild,Survival,
2020,10,The Call of the Wild,Adventure,
2020,10,The Call of the Wild,Drama,
2020,10,The Call of the Wild,Family,
2021,1,Spider-Man: No Way Home,Action Epic,"$804,793,477"
2021,1,Spider-Man: No Way Home,Adventure Epic,
2021,1,Spider-Man: No Way Home,Fantasy Epic,
2021,1,Spider-Man: No Way Home,Sci-Fi Epic,
2021,1,Spider-Man: No Way Home,Superhero,
2021,1,Spider-Man: No Way Home,Urban Adventure,
2021,1,Spider-Man: No Way Home,Action,
2021,1,Spider-Man: No Way Home,Adventure,
2021,1,Spider-Man: No Way Home,Fantasy,
2021,1,Spider-Man: No Way Home,Sci-Fi,
2021,2,Shang-Chi and the Legend of the Ten Rings,Action Epic,"$224,543,292"
2021,2,Shang-Chi and the Legend of the Ten Rings,Adventure Epic,
2021,2,Shang-Chi and the Legend of the Ten Rings,Fantasy Epic,
2021,2,Shang-Chi and the Legend of the Ten Rings,Kung Fu,
2021,2,Shang-Chi and the Legend of the Ten Rings,Martial Arts,
2021,2,Shang-Chi and the Legend of the Ten Rings,Sci-Fi Epic,
2021,2,Shang-Chi and the Legend of the Ten Rings,Sci-Fi,
2021,2,Shang-Chi and the Legend of the Ten Rings,Superhero,
2021,2,Shang-Chi and the Legend of the Ten Rings,Action,
2021,2,Shang-Chi and the Legend of the Ten Rings,Adventure,
2021,3,Venom: Let There Be Carnage,Alien Invasion,"$213,550,366"
2021,3,Venom: Let There Be Carnage,Dark Comedy,
2021,3,Venom: Let There Be Carnage,Kaiju,
2021,3,Venom: Let There Be Carnage,Superhero,
2021,3,Venom: Let There Be Carnage,Urban Adventure,
2021,3,Venom: Let There Be Carnage,Action ,
2021,3,Venom: Let There Be Carnage,Adventure,
2021,3,Venom: Let There Be Carnage,Sci-Fi,
2021,4,Black Widow,Spy,"$183,651,655"
2021,4,Black Widow,Superhero,
2021,4,Black Widow,Action,
2021,4,Black Widow,Adventure,
2021,4,Black Widow,Sci-Fi,
2021,5,F9: The Fast Saga,Action Epic,"$173,005,945"
2021,5,F9: The Fast Saga,Car Action,
2021,5,F9: The Fast Saga,Action,
2021,5,F9: The Fast Saga,Crime,
2021,5,F9: The Fast Saga,Thriller,
2021,6,Eternals,Action Epic,"$164,870,234"
2021,6,Eternals,Adventure Epic,
2021,6,Eternals,Epic,
2021,6,Eternals,Fantasy Epic,
2021,6,Eternals,Sci-Fi Epic,
2021,6,Eternals,Superhero,
2021,6,Eternals,Action,
2021,6,Eternals,Adventure,
2021,6,Eternals,Fantasy,
2021,6,Eternals,Sci-Fi,
2021,7,No Time to Die,Action Epic,"$160,891,007"
2021,7,No Time to Die,Adventure Epic,
2021,7,No Time to Die,Globetrotting Adventure,
2021,7,No Time to Die,Spy,
2021,7,No Time to Die,Action,
2021,7,No Time to Die,Adventure,
2021,7,No Time to Die,Thriller,
2021,8,A Quiet Place Part II,Alien Invasion,"$160,072,261"
2021,8,A Quiet Place Part II,Dystopian Sci-Fi,
2021,8,A Quiet Place Part II,Monster Horror,
2021,8,A Quiet Place Part II,Psychological Drama,
2021,8,A Quiet Place Part II,Psychological Horror,
2021,8,A Quiet Place Part II,Psychological Thriller,
2021,8,A Quiet Place Part II,Supernatural Horror,
2021,8,A Quiet Place Part II,Drama,
2021,8,A Quiet Place Part II,Horror,
2021,8,A Quiet Place Part II,Sci-Fi,
2021,9,Ghostbusters: Afterlife,Supernatural Fantasy,"$129,360,575"
2021,9,Ghostbusters: Afterlife,Adventure,
2021,9,Ghostbusters: Afterlife,Comedy,
2021,9,Ghostbusters: Afterlife,Fantasy,
2021,9,Ghostbusters: Afterlife,Sci-Fi,
2021,10,Free Guy,Artificial Intelligence,"$121,626,598"
2021,10,Free Guy,Feel-Good Romance,
2021,10,Free Guy,Gun Fu,
2021,10,Free Guy,Romantic Comedy,
2021,10,Free Guy,Superhero,
2021,10,Free Guy,Urban Adventure,
2021,10,Free Guy,Action,
2021,10,Free Guy,Adventure,
2021,10,Free Guy,Comedy,
2022,1,Top Gun: Maverick,Action Epic,"$718,732,821"
2022,1,Top Gun: Maverick,Adventure Epic,
2022,1,Top Gun: Maverick,Epic,
2022,1,Top Gun: Maverick,Action,
2022,1,Top Gun: Maverick,Drama,
2022,2,Black Panther: Wakanda Forever,Superhero,"$453,829,060"
2022,2,Black Panther: Wakanda Forever,Tragedy,
2022,2,Black Panther: Wakanda Forever,Action,
2022,2,Black Panther: Wakanda Forever,Adventure,
2022,2,Black Panther: Wakanda Forever,Drama,
2022,2,Black Panther: Wakanda Forever,Sci-FI,
2022,3,Doctor Strange in the Multiverse of Madness,Action Epic,"$411,331,607"
2022,3,Doctor Strange in the Multiverse of Madness,Adventure Epic,
2022,3,Doctor Strange in the Multiverse of Madness,Dark Fantasy,
2022,3,Doctor Strange in the Multiverse of Madness,Epic,
2022,3,Doctor Strange in the Multiverse of Madness,Fantasy Epic,
2022,3,Doctor Strange in the Multiverse of Madness,Sci-Fi Epic,
2022,3,Doctor Strange in the Multiverse of Madness,Superhero,
2022,3,Doctor Strange in the Multiverse of Madness,Supernatural Fantasy,
2022,3,Doctor Strange in the Multiverse of Madness,Action,
2022,3,Doctor Strange in the Multiverse of Madness,Adventure,
2022,3,Doctor Strange in the Multiverse of Madness,Sci-Fi,
2022,4,Avatar: The Way of Water,Action Epic,"$684,075,767"
2022,4,Avatar: The Way of Water,Adventure Epic,
2022,4,Avatar: The Way of Water,Adult Animation,
2022,4,Avatar: The Way of Water,Epic,
2022,4,Avatar: The Way of Water,Fantasy Epic,
2022,4,Avatar: The Way of Water,Sci-Fi Epic,
2022,4,Avatar: The Way of Water,Sea Adventure,
2022,4,Avatar: The Way of Water,Action,
2022,4,Avatar: The Way of Water,Adventure,
2022,4,Avatar: The Way of Water,Sci-Fi,
2022,4,Avatar: The Way of Water,Animation,
2022,5,Jurassic World: Dominion,Dinosaur Adventure,"$376,851,080"
2022,5,Jurassic World: Dominion,Globetrotting Adventure,
2022,5,Jurassic World: Dominion,Action,
2022,5,Jurassic World: Dominion,Adventure,
2022,5,Jurassic World: Dominion,Sci-Fi,
2022,5,Jurassic World: Dominion,Thriller,
2022,6,Minions: The Rise of Gru,Caper,"$370,549,695"
2022,6,Minions: The Rise of Gru,Slapstick,
2022,6,Minions: The Rise of Gru,Adventure,
2022,6,Minions: The Rise of Gru,Animation,
2022,6,Minions: The Rise of Gru,Comedy,
2022,6,Minions: The Rise of Gru,Crime,
2022,6,Minions: The Rise of Gru,Family,
2022,6,Minions: The Rise of Gru,Sci-Fi,
2022,7,The Batman,Action Epic,"$369,345,583"
2022,7,The Batman,Epic,
2022,7,The Batman,Psychological Drama,
2022,7,The Batman,Psychological Thriller,
2022,7,The Batman,Serial Killer,
2022,7,The Batman,Superhero,
2022,7,The Batman,Tragedy,
2022,7,The Batman,Action,
2022,7,The Batman,Crime,
2022,8,Thor: Love and Thunder,Action Epic,"$343,256,830"
2022,8,Thor: Love and Thunder,Adventure Epic,
2022,8,Thor: Love and Thunder,Dark Comedy,
2022,8,Thor: Love and Thunder,Epic,
2022,8,Thor: Love and Thunder,Sci-Fi Epic,
2022,8,Thor: Love and Thunder,Superhero,
2022,8,Thor: Love and Thunder,Action,
2022,8,Thor: Love and Thunder,Adventure,
2022,8,Thor: Love and Thunder,Comedy,
2022,8,Thor: Love and Thunder,Sci-Fi,
2022,9,Spider-Man: No Way Home,Action Epic,"$804,793,477"
2022,9,Spider-Man: No Way Home,Adventure Epic,
2022,9,Spider-Man: No Way Home,Fantasy Epic,
2022,9,Spider-Man: No Way Home,Sci-Fi Epic,
2022,9,Spider-Man: No Way Home,Superhero,
2022,9,Spider-Man: No Way Home,Urban Adventure,
2022,9,Spider-Man: No Way Home,Action,
2022,9,Spider-Man: No Way Home,Adventure,
2022,9,Spider-Man: No Way Home,Fantasy,
2022,9,Spider-Man: No Way Home,Sci-Fi,
2022,10,Sonic the Hedgehog 2,Animal Adventure,"$190,872,904"
2022,10,Sonic the Hedgehog 2,Globetrotting Adventure,
2022,10,Sonic the Hedgehog 2,Superhero,
2022,10,Sonic the Hedgehog 2,Supernatural Fantasy,
2022,10,Sonic the Hedgehog 2,Action,
2022,10,Sonic the Hedgehog 2,Adventure,
2022,10,Sonic the Hedgehog 2,Comedy,
2022,10,Sonic the Hedgehog 2,Family,
2022,10,Sonic the Hedgehog 2,Fantasy,
2022,10,Sonic the Hedgehog 2,Sci-Fi,
2023,1,Barbie,Quirky Comedy,"$636,238,421"
2023,1,Barbie,Satire,
2023,1,Barbie,Slapstick,
2023,1,Barbie,Adventure,
2023,1,Barbie,Comedy,
2023,1,Barbie,Fantasy,
2023,2,The Super Mario Bros. Movie,Action Epic,"$574,934,330"
2023,2,The Super Mario Bros. Movie,Adventure Epic,
2023,2,The Super Mario Bros. Movie,Fantasy Epic,
2023,2,The Super Mario Bros. Movie,Quest,
2023,2,The Super Mario Bros. Movie,Adventure,
2023,2,The Super Mario Bros. Movie,Animation,
2023,2,The Super Mario Bros. Movie,Comedy,
2023,2,The Super Mario Bros. Movie,Family,
2023,2,The Super Mario Bros. Movie,Fantasy,
2023,3,Spider-Man: Across the Spider-Verse,Action Epic,"$381,311,319"
2023,3,Spider-Man: Across the Spider-Verse,Adventure Epic,
2023,3,Spider-Man: Across the Spider-Verse,Dark Comedy,
2023,3,Spider-Man: Across the Spider-Verse,Epic,
2023,3,Spider-Man: Across the Spider-Verse,Fantasy Epic,
2023,3,Spider-Man: Across the Spider-Verse,Sci-Fi Epic,
2023,3,Spider-Man: Across the Spider-Verse,Superhero,
2023,3,Spider-Man: Across the Spider-Verse,Animation,
2023,3,Spider-Man: Across the Spider-Verse,Supernatural Fantasy,
2023,3,Spider-Man: Across the Spider-Verse,Sci-Fi,
2023,4,Guardians of the Galaxy Vol. 3,Buddy Comedy,"$358,995,815"
2023,4,Guardians of the Galaxy Vol. 4,Space Sci-Fi,
2023,4,Guardians of the Galaxy Vol. 5,Superhero,
2023,4,Guardians of the Galaxy Vol. 6,Action,
2023,4,Guardians of the Galaxy Vol. 7,Adventure,
2023,4,Guardians of the Galaxy Vol. 8,Comedy,
2023,4,Guardians of the Galaxy Vol. 9,Fantasy,
2023,4,Guardians of the Galaxy Vol. 10,Sci-Fi,
2023,5,Oppenheimer,Docudrama,"$330,078,895"
2023,5,Oppenheimer,Epic,
2023,5,Oppenheimer,Historical Epic,
2023,5,Oppenheimer,Period Drama,
2023,5,Oppenheimer,Psychological Drama,
2023,5,Oppenheimer,Biography,
2023,5,Oppenheimer,Drama,
2023,5,Oppenheimer,History,
2023,6,The Little Mermaid,Adventure Epic,"$298,172,056"
2023,6,The Little Mermaid,Fairy Tale,
2023,6,The Little Mermaid,Fantasy Epic,
2023,6,The Little Mermaid,Romance,
2023,6,The Little Mermaid,Feel-Good Romance,
2023,6,The Little Mermaid,Sea Adventure,
2023,6,The Little Mermaid,Teen Adventure,
2023,6,The Little Mermaid,Teen Romance,
2023,6,The Little Mermaid,Adventure,
2023,8,Ant-Man and the Wasp: Quantumania,Superhero,"$214,504,909"
2023,8,Ant-Man and the Wasp: Quantumania,Action,
2023,8,Ant-Man and the Wasp: Quantumania,Adventure,
2023,8,Ant-Man and the Wasp: Quantumania,Comedy,
2023,8,Ant-Man and the Wasp: Quantumania,Sci-Fi,
2023,9,John Wick: Chapter 4,Action Epic,"$187,131,806"
2023,9,John Wick: Chapter 4,Gun Fu,
2023,9,John Wick: Chapter 4,One-Person Army Action,
2023,9,John Wick: Chapter 4,Action,
2023,9,John Wick: Chapter 4,Crime,
2023,9,John Wick: Chapter 4,Thriller,
2023,10,Sound of Freedom,Docudrama,"$184,178,046"
2023,10,Sound of Freedom,Psychological Thriller,
2023,10,Sound of Freedom,True Crime,
2023,10,Sound of Freedom,Biography,
2023,10,Sound of Freedom,Crime,
2023,10,Sound of Freedom,Drama,
2023,10,Sound of Freedom,History,
2023,10,Sound of Freedom,Thriller,
2024,1,Inside Out 2,Coming-of-Age,"$652,980,194"
2024,1,Inside Out 2,Pyschological Drama,
2024,1,Inside Out 2,Quest,
2024,1,Inside Out 2,Teem Comedy,
2024,1,Inside Out 2,Teen Drama,
2024,1,Inside Out 2,Adventure,
2024,1,Inside Out 2,Animation,
2024,1,Inside Out 2,Comedy,
2024,1,Inside Out 2,Drama,
2024,1,Inside Out 2,Family,
2024,2,Deadpool & Wolverine,Action Epic,"$636,745,858"
2024,2,Deadpool & Wolverine,Adventure Epic,
2024,2,Deadpool & Wolverine,Buddy Comedy,
2024,2,Deadpool & Wolverine,Dark Comedy,
2024,2,Deadpool & Wolverine,Raunchy Comedy,
2024,2,Deadpool & Wolverine,Sci-Fi Epic,
2024,2,Deadpool & Wolverine,Superhero,
2024,2,Deadpool & Wolverine,Action,
2024,2,Deadpool & Wolverine,Adventure,
2024,2,Deadpool & Wolverine,Sci-Fi,
2024,3,Wicked,Fairy Tale,"$474,983,975"
2024,3,Wicked,Pop Musical,
2024,3,Wicked,Fantasy,
2024,3,Wicked,Musical,
2024,3,Wicked,Romance,
2024,4,Moana 2,Sea Adventure,"$460,405,297"
2024,4,Moana 2,Adventure,
2024,4,Moana 2,Animation,
2024,4,Moana 2,Comedy,
2024,4,Moana 2,Family,
2024,4,Moana 2,Fantasy,
2024,4,Moana 2,Musical,
2024,5,Despicable Me 4,Dark Comedy,"$361,004,205"
2024,5,Despicable Me 4,Parody,
2024,5,Despicable Me 4,Satire,
2024,5,Despicable Me 4,Slapstick,
2024,5,Despicable Me 4,Urban Adventure,
2024,5,Despicable Me 4,Adventure,
2024,5,Despicable Me 4,Animation,
2024,5,Despicable Me 4,Comedy,
2024,5,Despicable Me 4,Family,
2024,5,Despicable Me 4,Crime,
2024,6,Beetlejuice Beetlejuice,Body Horror,"$294,100,435"
2024,6,Beetlejuice Beetlejuice,Dark Comedy,
2024,6,Beetlejuice Beetlejuice,Dark Fantasy,
2024,6,Beetlejuice Beetlejuice,Slapstick,
2024,6,Beetlejuice Beetlejuice,Supernatural Fantasy,
2024,6,Beetlejuice Beetlejuice,Supernatural Horror,
2024,6,Beetlejuice Beetlejuice,Comedy,
2024,6,Beetlejuice Beetlejuice,Fantasy,
2024,6,Beetlejuice Beetlejuice,Horror,
2024,7,Dune: Part Two,Action Epic,"$282,144,358"
2024,7,Dune: Part Two,Adventure Epic,
2024,7,Dune: Part Two,Desert Adventure,
2024,7,Dune: Part Two,Sci-Fi Epic,
2024,7,Dune: Part Two,Epic,
2024,7,Dune: Part Two,Action,
2024,7,Dune: Part Two,Adventure,
2024,7,Dune: Part Two,Drama,
2024,7,Dune: Part Two,Sci-Fi,
2024,8,Twisters,Disaster,"$267,762,265"
2024,8,Twisters,Action,
2024,8,Twisters,Adventure,
2024,8,Twisters,Thriller,
2024,9,Godzilla x Kong: The New Empire,Action Epic,"$196,350,016"
2024,9,Godzilla x Kong: The New Empire,Dinosaur Adventure,
2024,9,Godzilla x Kong: The New Empire,Disaster,
2024,9,Godzilla x Kong: The New Empire,Globetrotting Adventure,
2024,9,Godzilla x Kong: The New Empire,Kaiju,
2024,9,Godzilla x Kong: The New Empire,Supernatural Fantasy,
2024,9,Godzilla x Kong: The New Empire,Action,
2024,9,Godzilla x Kong: The New Empire,Adventure,
2024,9,Godzilla x Kong: The New Empire,Fantasy,
2024,9,Godzilla x Kong: The New Empire,Sci-Fi,
2024,10,Kung Fu Panda 4,Animal Adventure,"$193,590,620"
2024,10,Kung Fu Panda 4,Buddy Comedy,
2024,10,Kung Fu Panda 4,Kung Fu,
2024,10,Kung Fu Panda 4,Martial Arts,
2024,10,Kung Fu Panda 4,Slapstick,
2024,10,Kung Fu Panda 4,Action,
2024,10,Kung Fu Panda 4,Adventure,
2024,10,Kung Fu Panda 4,Animation,
2024,10,Kung Fu Panda 4,Family,
2025,1,A Minecraft Movie,Quest,"$424,087,780"
2025,1,A Minecraft Movie,Slapstick,
2025,1,A Minecraft Movie,Survival,
2025,1,A Minecraft Movie,Action,
2025,1,A Minecraft Movie,Adventure,
2025,1,A Minecraft Movie,Comedy,
2025,1,A Minecraft Movie,Family,
2025,1,A Minecraft Movie,Fantasy,
2025,2,Lilo & Stitch,Alien Invasion,"$423,778,855"
2025,2,Lilo & Stitch,Animal Adventure,
2025,2,Lilo & Stitch,Buddy Comedy,
2025,2,Lilo & Stitch,Action,
2025,2,Lilo & Stitch,Adventure,
2025,2,Lilo & Stitch,Comedy,
2025,2,Lilo & Stitch,Drama,
2025,2,Lilo & Stitch,Family,
2025,2,Lilo & Stitch,Fantasy,
2025,2,Lilo & Stitch,Sci-Fi,
2025,3,Superman,Action Epic,"$354,223,803"
2025,3,Superman,Adventure Epic,
2025,3,Superman,Epic,
2025,3,Superman,Sci-Fi Epic,
2025,3,Superman,Superhero,
2025,3,Superman,Action,
2025,3,Superman,Adventure,
2025,3,Superman,Sci-Fi,
2025,4,Jurassic World: Rebirth,Dinosaur Adventure,"$339,640,400"
2025,4,Jurassic World: Rebirth,Jungle Adventure,
2025,4,Jurassic World: Rebirth,Action,
2025,4,Jurassic World: Rebirth,Adventure,
2025,4,Jurassic World: Rebirth,Sci-Fi,
2025,4,Jurassic World: Rebirth,Thriller,
2025,5,Zootopia 2,Animal Adventure,"$428,130,160"
2025,5,Zootopia 2,Buddy Comedy,
2025,5,Zootopia 2,Buddy Cop,
2025,5,Zootopia 2,Urban Adventure,
2025,5,Zootopia 2,Whodunnit,
2025,5,Zootopia 2,Action,
2025,5,Zootopia 2,Adventure,
2025,5,Zootopia 2,Animation,
2025,5,Zootopia 2,Comedy,
2025,5,Zootopia 2,Family,
2025,6,Wicked: For Good,Fairy Tale,"$342,915,090"
2025,6,Wicked: For Good,Pop Musical,
2025,6,Wicked: For Good,Fantasy,
2025,6,Wicked: For Good,Musical,
2025,6,Wicked: For Good,Romance,
2025,6,Wicked: For Good,Drama,
2025,6,Wicked: For Good,Family,
2025,7,Sinners,Folk Horror,"$279,989,632"
2025,7,Sinners,Period Drama,
2025,7,Sinners,Supernatural Horror,
2025,7,Sinners,Vampire Horror,
2025,7,Sinners,Action,
2025,7,Sinners,Drama,
2025,7,Sinners,Horror,
2025,7,Sinners,Music,
2025,7,Sinners,Thriller,
2025,8,The Fantastic Four: First Steps,Action Epic,"$274,286,610"
2025,8,The Fantastic Four: First Steps,Adventure Epic,
2025,8,The Fantastic Four: First Steps,Sci-Fi Epic,
2025,8,The Fantastic Four: First Steps,Superhero,
2025,8,The Fantastic Four: First Steps,Urban Adventure,
2025,8,The Fantastic Four: First Steps,Action,
2025,8,The Fantastic Four: First Steps,Adventure,
2025,8,The Fantastic Four: First Steps,Sci-Fi,
2025,9,How to Train Your Dragon,Animal Adventure,"$262,958,100"
2025,9,How to Train Your Dragon,Teen Adventure,
2025,9,How to Train Your Dragon,Teen Comedy,
2025,9,How to Train Your Dragon,Teen Drama,
2025,9,How to Train Your Dragon,Action,
2025,9,How to Train Your Dragon,Adventure,
2025,9,How to Train Your Dragon,Comedy,
2025,9,How to Train Your Dragon,Drama,
2025,9,How to Train Your Dragon,Family,
2025,10,Avatar: Fire and Ash,Action Epic,"$404,338,275"
2025,10,Avatar: Fire and Ash,Adult Animation,
2025,10,Avatar: Fire and Ash,Adventure Epic,
2025,10,Avatar: Fire and Ash,Epic,
2025,10,Avatar: Fire and Ash,Fantasy,
2025,10,Avatar: Fire and Ash,Sci-Fi Epic,
2025,10,Avatar: Fire and Ash,Action,
2025,10,Avatar: Fire and Ash,Adventure,
2025,10,Avatar: Fire and Ash,Animation,
2025,10,Avatar: Fire and Ash,Sci-Fi,