source,year,ceremony,title,genre
golden globes,2016,74,20th Century Women,Comedy
golden globes,2016,74,20th Century Women,Drama
golden globes,2016,74,20th Century Women,Period Drama
golden globes,2016,74,20th Century Women,Coming-of-Age
golden globes,2016,74,Arrival,Drama
golden globes,2016,74,Arrival,Mystery
golden globes,2016,74,Arrival,Sci-Fi
golden globes,2016,74,Arrival,Psychological Drama
golden globes,2016,74,Arrival,Epic
golden globes,2016,74,Captain Fantastic,Comedy
golden globes,2016,74,Captain Fantastic,Drama
golden globes,2016,74,Captain Fantastic,Adventure
golden globes,2016,74,Captain Fantastic,Coming-of-Age
golden globes,2016,74,Deadpool,Action
golden globes,2016,74,Deadpool,Comedy
golden globes,2016,74,Deadpool,Superhero
golden globes,2016,74,Deadpool,Sci-Fi
golden globes,2016,74,Deadpool,Gun Fu
golden globes,2016,74,Deadpool,Dark Comedy
golden globes,2016,74,Elle,Drama
golden globes,2016,74,Elle,Thriller
golden globes,2016,74,Elle,Psychological Drama
golden globes,2016,74,Elle,Psychological Thriller
golden globes,2016,74,Elle,Tragedy
golden globes,2016,74,Elle,Mystery
golden globes,2016,74,Elle,Crime
golden globes,2016,74,Fences,Drama
golden globes,2016,74,Fences,Period Drama
golden globes,2016,74,Florence Foster Jenkins,Biography
golden globes,2016,74,Florence Foster Jenkins,Comedy
golden globes,2016,74,Florence Foster Jenkins,Drama
golden globes,2016,74,Florence Foster Jenkins,Music
golden globes,2016,74,Hacksaw Ridge,Biography
golden globes,2016,74,Hacksaw Ridge,Drama
golden globes,2016,74,Hacksaw Ridge,History
golden globes,2016,74,Hacksaw Ridge,War
golden globes,2016,74,Hacksaw Ridge,Epic
golden globes,2016,74,Hacksaw Ridge,Period Drama
golden globes,2016,74,Hacksaw Ridge,Psychological Drama
golden globes,2016,74,Hell or High Water,Crime
golden globes,2016,74,Hell or High Water,Drama
golden globes,2016,74,Hell or High Water,Tragedy
golden globes,2016,74,Hell or High Water,Heist
golden globes,2016,74,Hell or High Water,Western
golden globes,2016,74,Hell or High Water,Thriller
golden globes,2016,74,Jackie,Biography
golden globes,2016,74,Jackie,Drama
golden globes,2016,74,Jackie,History
golden globes,2016,74,Jackie,Period Drama
golden globes,2016,74,Jackie,Psychological Drama
golden globes,2016,74,Jackie,Tragedy
golden globes,2016,74,La La Land,Comedy
golden globes,2016,74,La La Land,Drama
golden globes,2016,74,La La Land,Showbiz Drama
golden globes,2016,74,La La Land,Musical
golden globes,2016,74,La La Land,Romance
golden globes,2016,74,La La Land,Romantic Comedy
golden globes,2016,74,Lion,Biography
golden globes,2016,74,Lion,Drama
golden globes,2016,74,Lion,Coming-of-Age
golden globes,2016,74,Loving,Biography
golden globes,2016,74,Loving,Drama
golden globes,2016,74,Loving,Romance
golden globes,2016,74,Loving,Period Drama
golden globes,2016,74,Manchester by the Sea,Drama
golden globes,2016,74,Manchester by the Sea,Psychological Drama
golden globes,2016,74,Manchester by the Sea,Tragedy
golden globes,2016,74,Miss Sloane,Drama
golden globes,2016,74,Miss Sloane,Political Drama
golden globes,2016,74,Moonlight,Drama
golden globes,2016,74,Moonlight,Psychological Drama
golden globes,2016,74,Moonlight,Coming-of-Age
golden globes,2016,74,Nocturnal Animals,Drama
golden globes,2016,74,Nocturnal Animals,Thriller
golden globes,2016,74,Nocturnal Animals,Psychological Drama
golden globes,2016,74,Nocturnal Animals,Psychological Thriller
golden globes,2016,74,Nocturnal Animals,Tragedy
golden globes,2016,74,Rules Don't Apply,Comedy
golden globes,2016,74,Rules Don't Apply,Drama
golden globes,2016,74,Rules Don't Apply,Romance
golden globes,2016,74,Rules Don't Apply,Period Drama
golden globes,2016,74,Sing Street,Comedy
golden globes,2016,74,Sing Street,Drama
golden globes,2016,74,Sing Street,Music
golden globes,2016,74,Sing Street,Romance
golden globes,2016,74,Sing Street,Coming-of-Age
golden globes,2016,74,The Edge of Seventeen,Comedy
golden globes,2016,74,The Edge of Seventeen,Drama
golden globes,2016,74,The Edge of Seventeen,Coming-of-Age
golden globes,2016,74,The Edge of Seventeen,Psychological Drama
golden globes,2016,74,The Edge of Seventeen,Romance
golden globes,2016,74,The Lobster,Comedy
golden globes,2016,74,The Lobster,Drama
golden globes,2016,74,The Lobster,Romance
golden globes,2016,74,The Lobster,Sci-Fi
golden globes,2016,74,The Lobster,Dark Comedy
golden globes,2016,74,The Lobster,Thriller
golden globes,2016,74,War Dogs,Comedy
golden globes,2016,74,War Dogs,Crime
golden globes,2016,74,War Dogs,Drama
golden globes,2016,74,War Dogs,War
golden globes,2016,74,War Dogs,Dark Comedy
golden globes,2016,74,War Dogs,Biography
golden globes,2017,75,All The Money In The World,Biography
golden globes,2017,75,All The Money In The World,Crime
golden globes,2017,75,All The Money In The World,Drama
golden globes,2017,75,All The Money In The World,Period Drama
golden globes,2017,75,All The Money In The World,Thriller
golden globes,2017,75,All The Money In The World,Mystery
golden globes,2017,75,Baby Driver,Action
golden globes,2017,75,Baby Driver,Crime
golden globes,2017,75,Baby Driver,Drama
golden globes,2017,75,Baby Driver,Heist
golden globes,2017,75,Baby Driver,Music
golden globes,2017,75,Battle of the Sexes,Biography
golden globes,2017,75,Battle of the Sexes,Comedy
golden globes,2017,75,Battle of the Sexes,Drama
golden globes,2017,75,Battle of the Sexes,Sport
golden globes,2017,75,Battle of the Sexes,Period Drama
golden globes,2017,75,Call Me By Your Name,Drama
golden globes,2017,75,Call Me By Your Name,Romance
golden globes,2017,75,Call Me By Your Name,Coming-of-Age
golden globes,2017,75,Darkest Hour,Biography
golden globes,2017,75,Darkest Hour,Drama
golden globes,2017,75,Darkest Hour,History
golden globes,2017,75,Darkest Hour,War
golden globes,2017,75,Darkest Hour,Period Drama
golden globes,2017,75,"Disaster Artist, The",Biography
golden globes,2017,75,"Disaster Artist, The",Comedy
golden globes,2017,75,"Disaster Artist, The",Drama
golden globes,2017,75,"Disaster Artist, The",Dark Comedy
golden globes,2017,75,"Disaster Artist, The",Period Drama
golden globes,2017,75,Dunkirk,Action
golden globes,2017,75,Dunkirk,Drama
golden globes,2017,75,Dunkirk,History
golden globes,2017,75,Dunkirk,Thriller
golden globes,2017,75,Dunkirk,War
golden globes,2017,75,Dunkirk,Epic
golden globes,2017,75,Dunkirk,Period Drama
golden globes,2017,75,Get Out,Horror
golden globes,2017,75,Get Out,Mystery
golden globes,2017,75,Get Out,Thriller
golden globes,2017,75,Get Out,Psychological Thriller
golden globes,2017,75,Get Out,Psychological Horror
golden globes,2017,75,Get Out,Body Horror
golden globes,2017,75,"I, Tonya",Biography
golden globes,2017,75,"I, Tonya",Comedy
golden globes,2017,75,"I, Tonya",Drama
golden globes,2017,75,"I, Tonya",Sport
golden globes,2017,75,"I, Tonya",Dark Comedy
golden globes,2017,75,"I, Tonya",Period Drama
golden globes,2017,75,Lady Bird,Comedy
golden globes,2017,75,Lady Bird,Drama
golden globes,2017,75,Lady Bird,Coming-of-Age
golden globes,2017,75,"Leisure Seeker, The",Adventure
golden globes,2017,75,"Leisure Seeker, The",Comedy
golden globes,2017,75,"Leisure Seeker, The",Drama
golden globes,2017,75,"Leisure Seeker, The",Romance
golden globes,2017,75,Molly's Game,Biography
golden globes,2017,75,Molly's Game,Crime
golden globes,2017,75,Molly's Game,Drama
golden globes,2017,75,Phantom Thread,Drama
golden globes,2017,75,Phantom Thread,Romance
golden globes,2017,75,Phantom Thread,Epic
golden globes,2017,75,Phantom Thread,Period Drama
golden globes,2017,75,Phantom Thread,Psychological Drama
golden globes,2017,75,Phantom Thread,Dark Romance
golden globes,2017,75,"Roman J. Israel, Esq.",Crime
golden globes,2017,75,"Roman J. Israel, Esq.",Drama
golden globes,2017,75,"Roman J. Israel, Esq.",Thriller
golden globes,2017,75,The Greatest Showman,Biography
golden globes,2017,75,The Greatest Showman,Drama
golden globes,2017,75,The Greatest Showman,Musical
golden globes,2017,75,The Greatest Showman,Period Drama
golden globes,2017,75,The Greatest Showman,Showbiz Drama
golden globes,2017,75,The Post,Biography
golden globes,2017,75,The Post,Drama
golden globes,2017,75,The Post,History
golden globes,2017,75,The Post,Thriller
golden globes,2017,75,The Post,Period Drama
golden globes,2017,75,The Post,Psychological Drama
golden globes,2017,75,The Post,War
golden globes,2017,75,The Shape of Water,Adventure
golden globes,2017,75,The Shape of Water,Drama
golden globes,2017,75,The Shape of Water,Fantasy
golden globes,2017,75,The Shape of Water,Romance
golden globes,2017,75,The Shape of Water,Dark Romance
golden globes,2017,75,The Shape of Water,Period Drama
golden globes,2017,75,The Shape of Water,Fairy Tale
golden globes,2017,75,The Shape of Water,Psychological Drama
golden globes,2017,75,The Shape of Water,Sci-Fi
golden globes,2017,75,"Three Billboards Outside Ebbing, Missouri",Comedy
golden globes,2017,75,"Three Billboards Outside Ebbing, Missouri",Crime
golden globes,2017,75,"Three Billboards Outside Ebbing, Missouri",Drama
golden globes,2017,75,"Three Billboards Outside Ebbing, Missouri",Dark Comedy
golden globes,2017,75,"Three Billboards Outside Ebbing, Missouri",Psychological Drama
golden globes,2017,75,"Three Billboards Outside Ebbing, Missouri",Satire
golden globes,2017,75,Victoria & Abdul,Biography
golden globes,2017,75,Victoria & Abdul,Comedy
golden globes,2017,75,Victoria & Abdul,Drama
golden globes,2017,75,Victoria & Abdul,History
golden globes,2017,75,Victoria & Abdul,Period Drama
golden globes,2018,76,At Eternity's Gate,Biography
golden globes,2018,76,At Eternity's Gate,Drama
golden globes,2018,76,At Eternity's Gate,Period Drama
golden globes,2018,76,At Eternity's Gate,Psychological Drama
golden globes,2018,76,Black Panther,Action
golden globes,2018,76,Black Panther,Adventure
golden globes,2018,76,Black Panther,Sci-Fi
golden globes,2018,76,Black Panther,Superhero
golden globes,2018,76,BlacKkKlansman,Biography
golden globes,2018,76,BlacKkKlansman,Comedy
golden globes,2018,76,BlacKkKlansman,Crime
golden globes,2018,76,BlacKkKlansman,Drama
golden globes,2018,76,BlacKkKlansman,Period Drama
golden globes,2018,76,BlacKkKlansman,Psychological Drama
golden globes,2018,76,Bohemian Rhapsody,Biography
golden globes,2018,76,Bohemian Rhapsody,Drama
golden globes,2018,76,Bohemian Rhapsody,Music
golden globes,2018,76,Bohemian Rhapsody,Period Drama
golden globes,2018,76,Bohemian Rhapsody,Showbiz Drama
golden globes,2018,76,Boy Erased,Biography
golden globes,2018,76,Boy Erased,Drama
golden globes,2018,76,Boy Erased,Coming-of-Age
golden globes,2018,76,Boy Erased,Psychological Drama
golden globes,2018,76,Can You Ever Forgive Me?,Biography
golden globes,2018,76,Can You Ever Forgive Me?,Comedy
golden globes,2018,76,Can You Ever Forgive Me?,Crime
golden globes,2018,76,Can You Ever Forgive Me?,Drama
golden globes,2018,76,Can You Ever Forgive Me?,Period Drama
golden globes,2018,76,Crazy Rich Asians,Comedy
golden globes,2018,76,Crazy Rich Asians,Drama
golden globes,2018,76,Crazy Rich Asians,Romance
golden globes,2018,76,Crazy Rich Asians,Romantic Comedy
golden globes,2018,76,Destroyer,Action
golden globes,2018,76,Destroyer,Crime
golden globes,2018,76,Destroyer,Drama
golden globes,2018,76,Destroyer,Mystery
golden globes,2018,76,Destroyer,Thriller
golden globes,2018,76,Eighth Grade,Comedy
golden globes,2018,76,Eighth Grade,Drama
golden globes,2018,76,Eighth Grade,Coming-of-Age
golden globes,2018,76,"Favourite, The",Biography
golden globes,2018,76,"Favourite, The",Comedy
golden globes,2018,76,"Favourite, The",Drama
golden globes,2018,76,"Favourite, The",History
golden globes,2018,76,"Favourite, The",Dark Comedy
golden globes,2018,76,"Favourite, The",Period Drama
golden globes,2018,76,"Favourite, The",Psychological Drama
golden globes,2018,76,Green Book,Biography
golden globes,2018,76,Green Book,Comedy
golden globes,2018,76,Green Book,Drama
golden globes,2018,76,Green Book,Period Drama
golden globes,2018,76,Green Book,Music
golden globes,2018,76,If Beale Street Could Talk,Drama
golden globes,2018,76,If Beale Street Could Talk,Romance
golden globes,2018,76,If Beale Street Could Talk,Period Drama
golden globes,2018,76,Mary Poppins Returns,Comedy
golden globes,2018,76,Mary Poppins Returns,Family
golden globes,2018,76,Mary Poppins Returns,Fantasy
golden globes,2018,76,Mary Poppins Returns,Musical
golden globes,2018,76,Mary Poppins Returns,Adventure
golden globes,2018,76,"Old Man & the Gun, The",Biography
golden globes,2018,76,"Old Man & the Gun, The",Comedy
golden globes,2018,76,"Old Man & the Gun, The",Crime
golden globes,2018,76,"Old Man & the Gun, The",Drama
golden globes,2018,76,"Old Man & the Gun, The",Heist
golden globes,2018,76,"Old Man & the Gun, The",Romance
golden globes,2018,76,"Private War, A",Biography
golden globes,2018,76,"Private War, A",Drama
golden globes,2018,76,"Private War, A",War
golden globes,2018,76,Roma,Drama
golden globes,2018,76,Roma,Period Drama
golden globes,2018,76,Roma,Psychological Drama
golden globes,2018,76,Stan & Ollie,Biography
golden globes,2018,76,Stan & Ollie,Comedy
golden globes,2018,76,Stan & Ollie,Drama
golden globes,2018,76,Stan & Ollie,Family
golden globes,2018,76,Stan & Ollie,History
golden globes,2018,76,"Star Is Born, A (2018)",Drama
golden globes,2018,76,"Star Is Born, A (2018)",Music
golden globes,2018,76,"Star Is Born, A (2018)",Romance
golden globes,2018,76,"Star Is Born, A (2018)",Epic
golden globes,2018,76,"Star Is Born, A (2018)",Showbiz Drama
golden globes,2018,76,"Star Is Born, A (2018)",Tragedy
golden globes,2018,76,Tully,Comedy
golden globes,2018,76,Tully,Drama
golden globes,2018,76,Tully,Coming-of-Age
golden globes,2018,76,Tully,Mystery
golden globes,2018,76,Vice,Biography
golden globes,2018,76,Vice,Comedy
golden globes,2018,76,Vice,Drama
golden globes,2018,76,Vice,History
golden globes,2018,76,Vice,Dark Comedy
golden globes,2018,76,Vice,Period Drama
golden globes,2018,76,Vice,Satire
golden globes,2018,76,"Wife, The",Drama
golden globes,2018,76,"Wife, The",Psychological Drama
golden globes,2018,76,"Wife, The",Showbiz Drama
golden globes,2019,77,1917,Action
golden globes,2019,77,1917,Drama
golden globes,2019,77,1917,War
golden globes,2019,77,1917,Epic
golden globes,2019,77,1917,Period Drama
golden globes,2019,77,Bombshell,Biography
golden globes,2019,77,Bombshell,Drama
golden globes,2019,77,Booksmart,Comedy
golden globes,2019,77,Booksmart,Coming-of-Age
golden globes,2019,77,Dolemite Is My Name,Biography
golden globes,2019,77,Dolemite Is My Name,Comedy
golden globes,2019,77,Dolemite Is My Name,Drama
golden globes,2019,77,Dolemite Is My Name,Period Drama
golden globes,2019,77,Dolemite Is My Name,Showbiz Drama
golden globes,2019,77,"Farewell, The",Comedy
golden globes,2019,77,"Farewell, The",Drama
golden globes,2019,77,"Farewell, The",Coming-of-Age
golden globes,2019,77,Ford v Ferrari,Action
golden globes,2019,77,Ford v Ferrari,Biography
golden globes,2019,77,Ford v Ferrari,Drama
golden globes,2019,77,Ford v Ferrari,Sport
golden globes,2019,77,Ford v Ferrari,Period Drama
golden globes,2019,77,Harriet,Biography
golden globes,2019,77,Harriet,Drama
golden globes,2019,77,Harriet,History
golden globes,2019,77,Harriet,Action
golden globes,2019,77,Harriet,Period Drama
golden globes,2019,77,"Irishman, The",Biography
golden globes,2019,77,"Irishman, The",Crime
golden globes,2019,77,"Irishman, The",Drama
golden globes,2019,77,"Irishman, The",Epic
golden globes,2019,77,"Irishman, The",Period Drama
golden globes,2019,77,"Irishman, The",Psychological Thriller
golden globes,2019,77,Jojo Rabbit,Comedy
golden globes,2019,77,Jojo Rabbit,Drama
golden globes,2019,77,Jojo Rabbit,War
golden globes,2019,77,Jojo Rabbit,Coming-of-Age
golden globes,2019,77,Jojo Rabbit,Dark Comedy
golden globes,2019,77,Jojo Rabbit,Period Drama
golden globes,2019,77,Jojo Rabbit,Psychological Drama
golden globes,2019,77,Jojo Rabbit,Satire
golden globes,2019,77,Joker,Crime
golden globes,2019,77,Joker,Drama
golden globes,2019,77,Joker,Thriller
golden globes,2019,77,Joker,Period Drama
golden globes,2019,77,Joker,Psychological Drama
golden globes,2019,77,Joker,Psychological Thriller
golden globes,2019,77,Joker,Tragedy
golden globes,2019,77,Judy,Biography
golden globes,2019,77,Judy,Drama
golden globes,2019,77,Judy,Music
golden globes,2019,77,Judy,Period Drama
golden globes,2019,77,Judy,Music
golden globes,2019,77,Knives Out,Comedy
golden globes,2019,77,Knives Out,Crime
golden globes,2019,77,Knives Out,Drama
golden globes,2019,77,Knives Out,Mystery
golden globes,2019,77,Knives Out,Thriller
golden globes,2019,77,Knives Out,Satire
golden globes,2019,77,Late Night,Comedy
golden globes,2019,77,Late Night,Drama
golden globes,2019,77,Late Night,Satire
golden globes,2019,77,Little Women,Drama
golden globes,2019,77,Little Women,Romance
golden globes,2019,77,Little Women,Coming-of-Age
golden globes,2019,77,Little Women,Epic
golden globes,2019,77,Little Women,Period Drama
golden globes,2019,77,Marriage Story,Comedy
golden globes,2019,77,Marriage Story,Drama
golden globes,2019,77,Marriage Story,Romance
golden globes,2019,77,Marriage Story,Epic
golden globes,2019,77,Marriage Story,Psychological Drama
golden globes,2019,77,Once Upon a Time...in Hollywood,Comedy
golden globes,2019,77,Once Upon a Time...in Hollywood,Drama
golden globes,2019,77,Once Upon a Time...in Hollywood,Period Drama
golden globes,2019,77,Once Upon a Time...in Hollywood,Showbiz Drama
golden globes,2019,77,Pain and Glory,Drama
golden globes,2019,77,Parasite,Drama
golden globes,2019,77,Parasite,Thriller
golden globes,2019,77,Parasite,Dark Comedy
golden globes,2019,77,Parasite,Psychological Drama
golden globes,2019,77,Parasite,Psychological Thriller
golden globes,2019,77,Parasite,Tragedy
golden globes,2019,77,Rocketman,Biography
golden globes,2019,77,Rocketman,Drama
golden globes,2019,77,Rocketman,Music
golden globes,2019,77,Rocketman,Showbiz Drama
golden globes,2019,77,Rocketman,Musical
golden globes,2019,77,"Two Popes, The",Biography
golden globes,2019,77,"Two Popes, The",Psychological Drama
golden globes,2019,77,"Two Popes, The",Drama
golden globes,2019,77,"Where'd You Go, Bernadette",Mystery
golden globes,2019,77,"Where'd You Go, Bernadette",Comedy
golden globes,2019,77,"Where'd You Go, Bernadette",Drama
golden globes,2019,77,"Where'd You Go, Bernadette",Crime
golden globes,2020,78,Borat Subsequent Moviefilm,Comedy
golden globes,2020,78,Borat Subsequent Moviefilm,Satire
golden globes,2020,78,Borat Subsequent Moviefilm,Parody
golden globes,2020,78,Borat Subsequent Moviefilm,Mockumentary
golden globes,2020,78,Emma.,Comedy
golden globes,2020,78,Emma.,Drama
golden globes,2020,78,Emma.,Romance
golden globes,2020,78,Emma.,Coming-of-Age
golden globes,2020,78,Emma.,Period Drama
golden globes,2020,78,Emma.,Romantic Comedy
golden globes,2020,78,"Father, The",Drama
golden globes,2020,78,"Father, The",Mystery
golden globes,2020,78,"Father, The",Psychological Drama
golden globes,2020,78,French Exit,Comedy
golden globes,2020,78,French Exit,Drama
golden globes,2020,78,French Exit,Dark Comedy
golden globes,2020,78,Hamilton,Biography
golden globes,2020,78,Hamilton,Drama
golden globes,2020,78,Hamilton,History
golden globes,2020,78,Hamilton,Musical
golden globes,2020,78,Hamilton,Epic
golden globes,2020,78,I Care A Lot,Comedy
golden globes,2020,78,I Care A Lot,Crime
golden globes,2020,78,I Care A Lot,Drama
golden globes,2020,78,I Care A Lot,Thriller
golden globes,2020,78,I Care A Lot,Dark Comedy
golden globes,2020,78,I Care A Lot,Psychological Drama
golden globes,2020,78,Ma Rainey's Black Bottom,Drama
golden globes,2020,78,Ma Rainey's Black Bottom,Music
golden globes,2020,78,Ma Rainey's Black Bottom,Period Drama
golden globes,2020,78,Mank,Biography
golden globes,2020,78,Mank,Comedy
golden globes,2020,78,Mank,Drama
golden globes,2020,78,Mank,Period Drama
golden globes,2020,78,Mank,Showbiz Drama
golden globes,2020,78,"Mauritanian, The",Biography
golden globes,2020,78,"Mauritanian, The",Drama
golden globes,2020,78,"Mauritanian, The",Thriller
golden globes,2020,78,Music,Drama
golden globes,2020,78,Music,Musical
golden globes,2020,78,Music,Psychological Drama
golden globes,2020,78,Music,Psychological Thriller
golden globes,2020,78,Music,Thriller
golden globes,2020,78,Nomadland,Drama
golden globes,2020,78,Nomadland,Tragedy
golden globes,2020,78,One Night in Miami...,Drama
golden globes,2020,78,Palm Springs,Comedy
golden globes,2020,78,Palm Springs,Fantasy
golden globes,2020,78,Palm Springs,Mystery
golden globes,2020,78,Palm Springs,Romance
golden globes,2020,78,Palm Springs,Sci-Fi
golden globes,2020,78,Palm Springs,Romantic Comedy
golden globes,2020,78,"Personal History of David Copperfield, The",Comedy
golden globes,2020,78,"Personal History of David Copperfield, The",Drama
golden globes,2020,78,"Personal History of David Copperfield, The",Coming-of-Age
golden globes,2020,78,"Personal History of David Copperfield, The",Period Drama
golden globes,2020,78,Pieces of a Woman,Drama
golden globes,2020,78,Pieces of a Woman,Psychological Drama
golden globes,2020,78,"Prom, The",Comedy
golden globes,2020,78,"Prom, The",Drama
golden globes,2020,78,"Prom, The",Musical
golden globes,2020,78,"Prom, The",Satire
golden globes,2020,78,Promising Young Woman,Crime
golden globes,2020,78,Promising Young Woman,Drama
golden globes,2020,78,Promising Young Woman,Thriller
golden globes,2020,78,Promising Young Woman,Psychological Thriller
golden globes,2020,78,Promising Young Woman,Tragedy
golden globes,2020,78,Promising Young Woman,Mystery
golden globes,2020,78,Sound of Metal,Drama
golden globes,2020,78,Sound of Metal,Music
golden globes,2020,78,Sound of Metal,Psychological Drama
golden globes,2020,78,Sound of Metal,Tragedy
golden globes,2020,78,"Trial of the Chicago 7, The",Drama
golden globes,2020,78,"Trial of the Chicago 7, The",History
golden globes,2020,78,"Trial of the Chicago 7, The",Thriller
golden globes,2020,78,"United States vs. Billie Holiday, The",Biography
golden globes,2020,78,"United States vs. Billie Holiday, The",Drama
golden globes,2020,78,"United States vs. Billie Holiday, The",History
golden globes,2020,78,"United States vs. Billie Holiday, The",Music
golden globes,2021,79,Annette,Drama
golden globes,2021,79,Annette,Musical
golden globes,2021,79,Annette,Romance
golden globes,2021,79,Annette,Psychological Drama
golden globes,2021,79,Being the Ricardos,Biography
golden globes,2021,79,Being the Ricardos,Drama
golden globes,2021,79,Being the Ricardos,Period Drama
golden globes,2021,79,Being the Ricardos,Showbiz Drama
golden globes,2021,79,Belfast,Biography
golden globes,2021,79,Belfast,Drama
golden globes,2021,79,Belfast,Coming-of-Age
golden globes,2021,79,Belfast,Period Drama
golden globes,2021,79,CODA,Comedy
golden globes,2021,79,CODA,Drama
golden globes,2021,79,CODA,Music
golden globes,2021,79,CODA,Coming-of-Age
golden globes,2021,79,Cruella,Comedy
golden globes,2021,79,Cruella,Crime
golden globes,2021,79,Cruella,Dark Comedy
golden globes,2021,79,Cruella,Drama
golden globes,2021,79,Cyrano,Drama
golden globes,2021,79,Cyrano,Musical
golden globes,2021,79,Cyrano,Romance
golden globes,2021,79,Cyrano,Period Drama
golden globes,2021,79,Don't Look Up,Comedy
golden globes,2021,79,Don't Look Up,Drama
golden globes,2021,79,Don't Look Up,Sci-Fi
golden globes,2021,79,Don't Look Up,Dark Comedy
golden globes,2021,79,Don't Look Up,Satire
golden globes,2021,79,Don't Look Up,Tragedy
golden globes,2021,79,Dune,Action
golden globes,2021,79,Dune,Adventure
golden globes,2021,79,Dune,Drama
golden globes,2021,79,Dune,Sci-Fi
golden globes,2021,79,Dune,Epic
golden globes,2021,79,"Eyes of Tammy Faye, The",Biography
golden globes,2021,79,"Eyes of Tammy Faye, The",Drama
golden globes,2021,79,"Eyes of Tammy Faye, The",Showbiz Drama
golden globes,2021,79,"Eyes of Tammy Faye, The",Period Drama
golden globes,2021,79,"Eyes of Tammy Faye, The",Romance
golden globes,2021,79,House of Gucci,Biography
golden globes,2021,79,House of Gucci,Crime
golden globes,2021,79,House of Gucci,Drama
golden globes,2021,79,House of Gucci,Psychological Drama
golden globes,2021,79,House of Gucci,Tragedy
golden globes,2021,79,House of Gucci,History
golden globes,2021,79,In the Heights,Drama
golden globes,2021,79,In the Heights,Musical
golden globes,2021,79,In the Heights,Romance
golden globes,2021,79,In the Heights,Epic
golden globes,2021,79,King Richard,Biography
golden globes,2021,79,King Richard,Drama
golden globes,2021,79,King Richard,Sport
golden globes,2021,79,Licorice Pizza,Comedy
golden globes,2021,79,Licorice Pizza,Drama
golden globes,2021,79,Licorice Pizza,Romance
golden globes,2021,79,Licorice Pizza,Coming-of-Age
golden globes,2021,79,Licorice Pizza,Period Drama
golden globes,2021,79,Licorice Pizza,Showbiz Drama
golden globes,2021,79,Licorice Pizza,Romantic Comedy
golden globes,2021,79,"Lost Daughter, The",Drama
golden globes,2021,79,"Lost Daughter, The",Psychological Drama
golden globes,2021,79,"Power of the Dog, The",Drama
golden globes,2021,79,"Power of the Dog, The",Period Drama
golden globes,2021,79,"Power of the Dog, The",Western
golden globes,2021,79,"Power of the Dog, The",Psychological Drama
golden globes,2021,79,Spencer,Biography
golden globes,2021,79,Spencer,Drama
golden globes,2021,79,Spencer,Period Drama
golden globes,2021,79,Spencer,Psychological Drama
golden globes,2021,79,Swan Song,Drama
golden globes,2021,79,Swan Song,Romance
golden globes,2021,79,Swan Song,Sci-Fi
golden globes,2021,79,Swan Song,Thriller
golden globes,2021,79,"tick, tick...BOOM!",Biography
golden globes,2021,79,"tick, tick...BOOM!",Drama
golden globes,2021,79,"tick, tick...BOOM!",Comedy
golden globes,2021,79,"tick, tick...BOOM!",Musical
golden globes,2021,79,"Tragedy of Macbeth, The",Drama
golden globes,2021,79,"Tragedy of Macbeth, The",Thriller
golden globes,2021,79,"Tragedy of Macbeth, The",Period Drama
golden globes,2021,79,"Tragedy of Macbeth, The",Psychological Drama
golden globes,2021,79,"Tragedy of Macbeth, The",Psychological Thriller
golden globes,2021,79,"Tragedy of Macbeth, The",Tragedy
golden globes,2021,79,"Tragedy of Macbeth, The",Fantasy
golden globes,2021,79,"Tragedy of Macbeth, The",Mystery
golden globes,2021,79,West Side Story,Crime
golden globes,2021,79,West Side Story,Drama
golden globes,2021,79,West Side Story,Musical
golden globes,2021,79,West Side Story,Romance
golden globes,2022,80,Avatar: The Way of Water,Action
golden globes,2022,80,Avatar: The Way of Water,Adventure
golden globes,2022,80,Avatar: The Way of Water,Fantasy
golden globes,2022,80,Avatar: The Way of Water,Sci-Fi
golden globes,2022,80,Avatar: The Way of Water,Epic
golden globes,2022,80,Babylon,Comedy
golden globes,2022,80,Babylon,Drama
golden globes,2022,80,Babylon,History
golden globes,2022,80,Babylon,Period Drama
golden globes,2022,80,Babylon,Satire
golden globes,2022,80,Babylon,Showbiz Drama
golden globes,2022,80,Babylon,Tragedy
golden globes,2022,80,"Banshees of Inisherin, The",Comedy
golden globes,2022,80,"Banshees of Inisherin, The",Drama
golden globes,2022,80,"Banshees of Inisherin, The",Tragedy
golden globes,2022,80,"Banshees of Inisherin, The",Psychological Drama
golden globes,2022,80,"Banshees of Inisherin, The",Period Drama
golden globes,2022,80,"Banshees of Inisherin, The",Dark Comedy
golden globes,2022,80,Blonde,Biography
golden globes,2022,80,Blonde,Drama
golden globes,2022,80,Blonde,Period Drama
golden globes,2022,80,Blonde,Psychological Drama
golden globes,2022,80,Blonde,Showbiz Drama
golden globes,2022,80,Blonde,Tragedy
golden globes,2022,80,Elvis,Biography
golden globes,2022,80,Elvis,Drama
golden globes,2022,80,Elvis,Music
golden globes,2022,80,Elvis,Epic
golden globes,2022,80,Elvis,Showbiz Drama
golden globes,2022,80,Elvis,Period Drama
golden globes,2022,80,Empire of Light,Drama
golden globes,2022,80,Empire of Light,Romance
golden globes,2022,80,Empire of Light,Period Drama
golden globes,2022,80,Empire of Light,Psychological Drama
golden globes,2022,80,Everything Everywhere All at Once,Action
golden globes,2022,80,Everything Everywhere All at Once,Adventure
golden globes,2022,80,Everything Everywhere All at Once,Comedy
golden globes,2022,80,Everything Everywhere All at Once,Sci-Fi
golden globes,2022,80,Everything Everywhere All at Once,Dark Comedy
golden globes,2022,80,Everything Everywhere All at Once,Epic
golden globes,2022,80,"Fabelmans, The",Drama
golden globes,2022,80,"Fabelmans, The",Coming-of-Age
golden globes,2022,80,"Fabelmans, The",Period Drama
golden globes,2022,80,"Fabelmans, The",Psychological Drama
golden globes,2022,80,"Fabelmans, The",Showbiz Drama
golden globes,2022,80,Glass Onion: A Knives Out Mystery,Comedy
golden globes,2022,80,Glass Onion: A Knives Out Mystery,Crime
golden globes,2022,80,Glass Onion: A Knives Out Mystery,Drama
golden globes,2022,80,Glass Onion: A Knives Out Mystery,Mystery
golden globes,2022,80,Glass Onion: A Knives Out Mystery,Thriller
golden globes,2022,80,Glass Onion: A Knives Out Mystery,Satire
golden globes,2022,80,"Good Luck to You, Leo Grande",Comedy
golden globes,2022,80,"Good Luck to You, Leo Grande",Drama
golden globes,2022,80,"Inspection, The",Drama
golden globes,2022,80,"Inspection, The",Psychological Drama
golden globes,2022,80,"Inspection, The",Tragedy
golden globes,2022,80,Living,Drama
golden globes,2022,80,Living,Period Drama
golden globes,2022,80,"Menu, The",Comedy
golden globes,2022,80,"Menu, The",Horror
golden globes,2022,80,"Menu, The",Thriller
golden globes,2022,80,"Menu, The",Dark Comedy
golden globes,2022,80,"Menu, The",Psychological Horror
golden globes,2022,80,"Menu, The",Satire
golden globes,2022,80,Mrs. Harris Goes to Paris,Comedy
golden globes,2022,80,Mrs. Harris Goes to Paris,Drama
golden globes,2022,80,Mrs. Harris Goes to Paris,Period Drama
golden globes,2022,80,"Son, The",Drama
golden globes,2022,80,"Son, The",Psychological Drama
golden globes,2022,80,Tar,Drama
golden globes,2022,80,Tar,Music
golden globes,2022,80,Tar,Epic
golden globes,2022,80,Tar,Psychological Drama
golden globes,2022,80,Tar,Tragedy
golden globes,2022,80,Top Gun: Maverick,Action
golden globes,2022,80,Top Gun: Maverick,Drama
golden globes,2022,80,Top Gun: Maverick,Epic
golden globes,2022,80,Triangle of Sadness,Comedy
golden globes,2022,80,Triangle of Sadness,Drama
golden globes,2022,80,Triangle of Sadness,Dark Comedy
golden globes,2022,80,Triangle of Sadness,Satire
golden globes,2022,80,Triangle of Sadness,Psychological Drama
golden globes,2022,80,"Whale, The",Drama
golden globes,2022,80,"Whale, The",Psychological Drama
golden globes,2022,80,"Whale, The",Tragedy
golden globes,2022,80,"Whale, The",Epic
golden globes,2022,80,White Noise,Comedy
golden globes,2022,80,White Noise,Drama
golden globes,2022,80,White Noise,Horror
golden globes,2022,80,White Noise,Dark Comedy
golden globes,2022,80,White Noise,Psychological Drama
golden globes,2022,80,White Noise,Satire
golden globes,2022,80,White Noise,Mystery
golden globes,2022,80,"Woman King, The",Action
golden globes,2022,80,"Woman King, The",Epic
golden globes,2022,80,"Woman King, The",Drama
golden globes,2022,80,"Woman King, The",History
golden globes,2022,80,Women Talking,Drama
golden globes,2022,80,Women Talking,Psychological Drama
golden globes,2022,80,Women Talking,Period Drama
golden globes,2023,81,Air,Drama
golden globes,2023,81,Air,Period Drama
golden globes,2023,81,Air,Sport
golden globes,2023,81,All of Us Strangers,Drama
golden globes,2023,81,All of Us Strangers,Psychological Drama
golden globes,2023,81,All of Us Strangers,Romance
golden globes,2023,81,American Fiction,Comedy
golden globes,2023,81,American Fiction,Drama
golden globes,2023,81,American Fiction,Dark Comedy
golden globes,2023,81,American Fiction,Psychological Drama
golden globes,2023,81,American Fiction,Satire
golden globes,2023,81,Anatomy of a Fall,Crime
golden globes,2023,81,Anatomy of a Fall,Drama
golden globes,2023,81,Anatomy of a Fall,Mystery
golden globes,2023,81,Anatomy of a Fall,Epic
golden globes,2023,81,Anatomy of a Fall,Psychological Drama
golden globes,2023,81,Anatomy of a Fall,Psychological Thriller
golden globes,2023,81,Barbie,Adventure
golden globes,2023,81,Barbie,Comedy
golden globes,2023,81,Barbie,Fantasy
golden globes,2023,81,Barbie,Satire
golden globes,2023,81,Beau is Afraid,Comedy
golden globes,2023,81,Beau is Afraid,Drama
golden globes,2023,81,Beau is Afraid,Horror
golden globes,2023,81,Beau is Afraid,Tragedy
golden globes,2023,81,Beau is Afraid,Dark Comedy
golden globes,2023,81,Beau is Afraid,Psychological Thriller
golden globes,2023,81,Beau is Afraid,Psychological Drama
golden globes,2023,81,Dream Scenario,Comedy
golden globes,2023,81,Dream Scenario,Drama
golden globes,2023,81,Dream Scenario,Fantasy
golden globes,2023,81,Dream Scenario,Horror
golden globes,2023,81,Dream Scenario,Psychological Horror
golden globes,2023,81,Dream Scenario,Psychological Drama
golden globes,2023,81,Dream Scenario,Dark Comedy
golden globes,2023,81,Fallen Leaves,Comedy
golden globes,2023,81,Fallen Leaves,Drama
golden globes,2023,81,Fallen Leaves,Romance
golden globes,2023,81,Fallen Leaves,Romantic Comedy
golden globes,2023,81,"Holdovers, The",Comedy
golden globes,2023,81,"Holdovers, The",Drama
golden globes,2023,81,"Holdovers, The",Epic
golden globes,2023,81,"Holdovers, The",Period Drama
golden globes,2023,81,"Holdovers, The",Psychological Drama
golden globes,2023,81,Killers of the Flower Moon,Crime
golden globes,2023,81,Killers of the Flower Moon,Drama
golden globes,2023,81,Killers of the Flower Moon,History
golden globes,2023,81,Killers of the Flower Moon,Western
golden globes,2023,81,Killers of the Flower Moon,Tragedy
golden globes,2023,81,Killers of the Flower Moon,Psychological Drama
golden globes,2023,81,Killers of the Flower Moon,Period Drama
golden globes,2023,81,Killers of the Flower Moon,Epic
golden globes,2023,81,Maestro,Biography
golden globes,2023,81,Maestro,Drama
golden globes,2023,81,Maestro,Music
golden globes,2023,81,Maestro,Romance
golden globes,2023,81,Maestro,Period Drama
golden globes,2023,81,May December,Drama
golden globes,2023,81,May December,Dark Comedy
golden globes,2023,81,May December,Psychological Drama
golden globes,2023,81,May December,Comedy
golden globes,2023,81,No Hard Feelings,Comedy
golden globes,2023,81,No Hard Feelings,Romance
golden globes,2023,81,No Hard Feelings,Romantic Comedy
golden globes,2023,81,Nyad,Biography
golden globes,2023,81,Nyad,Drama
golden globes,2023,81,Nyad,Sport
golden globes,2023,81,Nyad,History
golden globes,2023,81,Oppenheimer,Biography
golden globes,2023,81,Oppenheimer,Drama
golden globes,2023,81,Oppenheimer,History
golden globes,2023,81,Oppenheimer,Epic
golden globes,2023,81,Oppenheimer,Psychological Drama
golden globes,2023,81,Oppenheimer,Period Drama
golden globes,2023,81,Past Lives,Drama
golden globes,2023,81,Past Lives,Romance
golden globes,2023,81,Past Lives,Epic
golden globes,2023,81,Past Lives,Psychological Drama
golden globes,2023,81,Past Lives,Coming-of-Age
golden globes,2023,81,Poor Things,Comedy
golden globes,2023,81,Poor Things,Drama
golden globes,2023,81,Poor Things,Romance
golden globes,2023,81,Poor Things,Sci-Fi
golden globes,2023,81,Poor Things,Dark Comedy
golden globes,2023,81,Poor Things,Psychological Drama
golden globes,2023,81,Priscilla,Biography
golden globes,2023,81,Priscilla,Drama
golden globes,2023,81,Priscilla,Music
golden globes,2023,81,Priscilla,Coming-of-Age
golden globes,2023,81,Priscilla,Dark Romance
golden globes,2023,81,Priscilla,Period Drama
golden globes,2023,81,Priscilla,Showbiz Drama
golden globes,2023,81,Rustin,Biography
golden globes,2023,81,Rustin,Drama
golden globes,2023,81,Rustin,History
golden globes,2023,81,Saltburn,Dark Comedy
golden globes,2023,81,Saltburn,Drama
golden globes,2023,81,Saltburn,Thriller
golden globes,2023,81,Saltburn,Psychological Drama
golden globes,2023,81,Saltburn,Psychological Thriller
golden globes,2023,81,The Color Purple (2023),Drama
golden globes,2023,81,The Color Purple (2023),Musical
golden globes,2023,81,The Color Purple (2023),Period Drama
golden globes,2023,81,The Color Purple (2023),Tragedy
golden globes,2023,81,Wonka,Adventure
golden globes,2023,81,Wonka,Comedy
golden globes,2023,81,Wonka,Family
golden globes,2023,81,Wonka,Fantasy
golden globes,2023,81,Wonka,Musical
golden globes,2023,81,"Zone of Interest, The",Drama
golden globes,2023,81,"Zone of Interest, The",History
golden globes,2023,81,"Zone of Interest, The",War
golden globes,2023,81,"Zone of Interest, The",Psychological Drama
golden globes,2023,81,"Zone of Interest, The",Period Drama
golden globes,2024,82,September 5,Drama
golden globes,2024,82,September 6,History
golden globes,2024,82,September 7,Thriller
golden globes,2024,82,September 8,Period Drama
golden globes,2024,82,September 9,Tragedy
golden globes,2024,82,A Complete Unknown,Biography
golden globes,2024,82,A Complete Unknown,Drama
golden globes,2024,82,A Complete Unknown,Music
golden globes,2024,82,A Complete Unknown,Period Drama
golden globes,2024,82,A Complete Unknown,Showbiz Drama
golden globes,2024,82,A Different Man,Dark Comedy
golden globes,2024,82,A Different Man,Drama
golden globes,2024,82,A Different Man,Thriller
golden globes,2024,82,A Different Man,Psychological Thriller
golden globes,2024,82,A Real Pain,Comedy
golden globes,2024,82,A Real Pain,Drama
golden globes,2024,82,All We Imagine as Light,Drama
golden globes,2024,82,All We Imagine as Light,Psychological Drama
golden globes,2024,82,All We Imagine as Light,Romance
golden globes,2024,82,Anora,Comedy
golden globes,2024,82,Anora,Drama
golden globes,2024,82,Anora,Romance
golden globes,2024,82,Anora,Dark Comedy
golden globes,2024,82,"Apprentice, The",Biography
golden globes,2024,82,"Apprentice, The",Drama
golden globes,2024,82,"Apprentice, The",Period Drama
golden globes,2024,82,"Apprentice, The",History
golden globes,2024,82,Babygirl,Drama
golden globes,2024,82,Babygirl,Romance
golden globes,2024,82,Babygirl,Thriller
golden globes,2024,82,Babygirl,Erotic Thriller
golden globes,2024,82,"Brutalist, The",Drama
golden globes,2024,82,"Brutalist, The",Psychological Drama
golden globes,2024,82,"Brutalist, The",Epic
golden globes,2024,82,Challengers,Drama
golden globes,2024,82,Challengers,Romance
golden globes,2024,82,Challengers,Sport
golden globes,2024,82,Challengers,Psychological Drama
golden globes,2024,82,Challengers,Comedy
golden globes,2024,82,Conclave,Drama
golden globes,2024,82,Conclave,Psychological Drama
golden globes,2024,82,Conclave,Thriller
golden globes,2024,82,Conclave,Psychological Thriller
golden globes,2024,82,Dune: Part Two,Action
golden globes,2024,82,Dune: Part Two,Adventure
golden globes,2024,82,Dune: Part Two,Drama
golden globes,2024,82,Dune: Part Two,Sci-Fi
golden globes,2024,82,Dune: Part Two,Epic
golden globes,2024,82,Emilia Perez,Crime
golden globes,2024,82,Emilia Perez,Musical
golden globes,2024,82,Emilia Perez,Thriller
golden globes,2024,82,Emilia Perez,Drama
golden globes,2024,82,Heretic,Horror
golden globes,2024,82,Heretic,Pscyhological Thriller
golden globes,2024,82,Heretic,Thriller
golden globes,2024,82,Heretic,Psychological Horror
golden globes,2024,82,Hit Man,Crime
golden globes,2024,82,Hit Man,Comedy
golden globes,2024,82,Hit Man,Romance
golden globes,2024,82,Hit Man,Romantic Comedy
golden globes,2024,82,I'm Still Here,Biography
golden globes,2024,82,I'm Still Here,Drama
golden globes,2024,82,I'm Still Here,History
golden globes,2024,82,I'm Still Here,Psychological Drama
golden globes,2024,82,I'm Still Here,Period Drama
golden globes,2024,82,I'm Still Here,Epic
golden globes,2024,82,Kinds of Kindness,Comedy
golden globes,2024,82,Kinds of Kindness,Drama
golden globes,2024,82,Kinds of Kindness,Dark Comedy
golden globes,2024,82,Kinds of Kindness,Horror
golden globes,2024,82,Kinds of Kindness,Thriller
golden globes,2024,82,"Last Showgirl, The",Drama
golden globes,2024,82,"Last Showgirl, The",Showbiz Drama
golden globes,2024,82,Lee,Biography
golden globes,2024,82,Lee,Drama
golden globes,2024,82,Lee,War
golden globes,2024,82,Lee,Psychological Drama
golden globes,2024,82,Lee,Epic
golden globes,2024,82,Lee,Period Drama
golden globes,2024,82,Maria,Biography
golden globes,2024,82,Maria,Drama
golden globes,2024,82,Maria,Music
golden globes,2024,82,Maria,Period Drama
golden globes,2024,82,Maria,Psychological Drama
golden globes,2024,82,Maria,Tragedy
golden globes,2024,82,Nickel Boys,Drama
golden globes,2024,82,Nickel Boys,Psychological Drama
golden globes,2024,82,Nickel Boys,Coming-of-Age
golden globes,2024,82,Nickel Boys,Tragedy
golden globes,2024,82,Nightbitch,Comedy
golden globes,2024,82,Nightbitch,Drama
golden globes,2024,82,Nightbitch,Horror
golden globes,2024,82,Nightbitch,Fantasy
golden globes,2024,82,Nightbitch,Dark Comedy
golden globes,2024,82,Nightbitch,Body Horror
golden globes,2024,82,Queer,Drama
golden globes,2024,82,Queer,Romance
golden globes,2024,82,Queer,Psychological Drama
golden globes,2024,82,Queer,Period Drama
golden globes,2024,82,Queer,Biography
golden globes,2024,82,"Room Next Door, The",Drama
golden globes,2024,82,"Room Next Door, The",Psychological Drama
golden globes,2024,82,Saturday Night,Comedy
golden globes,2024,82,Saturday Night,Drama
golden globes,2024,82,Saturday Night,Biography
golden globes,2024,82,Saturday Night,Showbiz Drama
golden globes,2024,82,Saturday Night,Period Drama
golden globes,2024,82,Sing Sing,Drama
golden globes,2024,82,Sing Sing,Psychological Drama
golden globes,2024,82,"Substance, The",Drama
golden globes,2024,82,"Substance, The",Horror
golden globes,2024,82,"Substance, The",Sci-Fi
golden globes,2024,82,"Substance, The",Body Horror
golden globes,2024,82,"Substance, The",Dark Comedy
golden globes,2024,82,"Substance, The",Psychological Horr
golden globes,2024,82,"Substance, The",Showbiz Drama
golden globes,2024,82,"Substance, The",Tragedy
golden globes,2024,82,Wicked,Fairy Tale
golden globes,2024,82,Wicked,Family
golden globes,2024,82,Wicked,Fantasy
golden globes,2024,82,Wicked,Musical
golden globes,2024,82,Wicked,Romance
golden globes,2025,83,After the Hunt,Drama
golden globes,2025,83,After the Hunt,Thriller
golden globes,2025,83,After the Hunt,Psychological Drama
golden globes,2025,83,After the Hunt,Psychological Thriller
golden globes,2025,83,After the Hunt,Crime
golden globes,2025,83,Blue Moon,Biography
golden globes,2025,83,Blue Moon,Drama
golden globes,2025,83,Blue Moon,Psychological Drama
golden globes,2025,83,Blue Moon,History
golden globes,2025,83,Blue Moon,Music
golden globes,2025,83,Blue Moon,Romance
golden globes,2025,83,Blue Moon,Comedy
golden globes,2025,83,Bugonia,Comedy
golden globes,2025,83,Bugonia,Crime
golden globes,2025,83,Bugonia,Sci-Fi
golden globes,2025,83,Bugonia,Thriller
golden globes,2025,83,Bugonia,Satire
golden globes,2025,83,Bugonia,Dark Comedy
golden globes,2025,83,Bugonia,Psychological Thriller
golden globes,2025,83,Die My Love,Drama
golden globes,2025,83,Die My Love,Psychological Drama
golden globes,2025,83,Die My Love,Dark Comedy
golden globes,2025,83,Die My Love,Thriller
golden globes,2025,83,Die My Love,Psychological Thriller
golden globes,2025,83,Frankenstein,Drama
golden globes,2025,83,Frankenstein,Horror
golden globes,2025,83,Frankenstein,Sci-Fi
golden globes,2025,83,Frankenstein,Body Horror
golden globes,2025,83,Frankenstein,Psychological Drama
golden globes,2025,83,Frankenstein,Psychological Horror
golden globes,2025,83,Frankenstein,Tragedy
golden globes,2025,83,Frankenstein,Fantasy
golden globes,2025,83,Hamnet,Biography
golden globes,2025,83,Hamnet,Drama
golden globes,2025,83,Hamnet,History
golden globes,2025,83,Hamnet,Epic
golden globes,2025,83,Hamnet,Period Drama
golden globes,2025,83,Hamnet,Psychological Drama
golden globes,2025,83,Hamnet,Tragedy
golden globes,2025,83,Hedda,Drama
golden globes,2025,83,Hedda,Psychological Drama
golden globes,2025,83,Hedda,Romance
golden globes,2025,83,If I Had Legs I'd Kick You,Drama
golden globes,2025,83,If I Had Legs I'd Kick You,Psychological Drama
golden globes,2025,83,If I Had Legs I'd Kick You,Psychological Thriller
golden globes,2025,83,If I Had Legs I'd Kick You,Dark Comedy
golden globes,2025,83,If I Had Legs I'd Kick You,Thriller
golden globes,2025,83,It Was Just an Accident,Drama
golden globes,2025,83,It Was Just an Accident,Thriller
golden globes,2025,83,It Was Just an Accident,Psychological Drama
golden globes,2025,83,It Was Just an Accident,Dark Comedy
golden globes,2025,83,It Was Just an Accident,Tragedy
golden globes,2025,83,It Was Just an Accident,Crime
golden globes,2025,83,It Was Just an Accident,Mystery
golden globes,2025,83,Jay Kelly,Comedy
golden globes,2025,83,Jay Kelly,Drama
golden globes,2025,83,Jay Kelly,Coming-of-Age
golden globes,2025,83,Jay Kelly,Showbiz Drama
golden globes,2025,83,Marty Supreme,Drama
golden globes,2025,83,Marty Supreme,Sport
golden globes,2025,83,Marty Supreme,Dark Comedy
golden globes,2025,83,Marty Supreme,Epic
golden globes,2025,83,Marty Supreme,Period Drama
golden globes,2025,83,Marty Supreme,Psychological Drama
golden globes,2025,83,No Other Choice,Comedy
golden globes,2025,83,No Other Choice,Drama
golden globes,2025,83,No Other Choice,Thriller
golden globes,2025,83,No Other Choice,Dark Comedy
golden globes,2025,83,No Other Choice,Psychological Thriller
golden globes,2025,83,No Other Choice,Satire
golden globes,2025,83,No Other Choice,Crime
golden globes,2025,83,Nouvelle Vague,Biography
golden globes,2025,83,Nouvelle Vague,Drama
golden globes,2025,83,Nouvelle Vague,Comedy
golden globes,2025,83,Nouvelle Vague,Period Drama
golden globes,2025,83,Nouvelle Vague,Showbiz Drama
golden globes,2025,83,One Battle After Another,Action
golden globes,2025,83,One Battle After Another,Comedy
golden globes,2025,83,One Battle After Another,Crime
golden globes,2025,83,One Battle After Another,Drama
golden globes,2025,83,One Battle After Another,Psychological Thriller
golden globes,2025,83,One Battle After Another,Psychological Drama
golden globes,2025,83,One Battle After Another,Epic
golden globes,2025,83,One Battle After Another,Dark Comedy
golden globes,2025,83,"Secret Agent, The",Drama
golden globes,2025,83,"Secret Agent, The",Thriller
golden globes,2025,83,"Secret Agent, The",Epic
golden globes,2025,83,"Secret Agent, The",Crime
golden globes,2025,83,"Secret Agent, The",Period Drama
golden globes,2025,83,"Secret Agent, The",Mystery
golden globes,2025,83,Sentimental Value,Drama
golden globes,2025,83,Sentimental Value,Psychological Drama
golden globes,2025,83,Sentimental Value,Showbiz Drama
golden globes,2025,83,Sinners,Action
golden globes,2025,83,Sinners,Horror
golden globes,2025,83,Sinners,Thriller
golden globes,2025,83,Sinners,Period Drama
golden globes,2025,83,Sinners,Music
golden globes,2025,83,Sinners,Folk Horror
golden globes,2025,83,"Smashing Machine, The",Biography
golden globes,2025,83,"Smashing Machine, The",Drama
golden globes,2025,83,"Smashing Machine, The",Sport
golden globes,2025,83,"Smashing Machine, The",Period Drama
golden globes,2025,83,"Smashing Machine, The",Psychological Drama
golden globes,2025,83,"Smashing Machine, The",Action
golden globes,2025,83,Song Sung Blue,Biography
golden globes,2025,83,Song Sung Blue,Drama
golden globes,2025,83,Song Sung Blue,Music
golden globes,2025,83,Song Sung Blue,Musical
golden globes,2025,83,Song Sung Blue,Tragedy
golden globes,2025,83,"Sorry, Baby",Comedy
golden globes,2025,83,"Sorry, Baby",Drama
golden globes,2025,83,"Sorry, Baby",Psychological Drama
golden globes,2025,83,"Sorry, Baby",Dark Comedy
golden globes,2025,83,Springsteen: Deliver Me from Nowhere,Biography
golden globes,2025,83,Springsteen: Deliver Me from Nowhere,Drama
golden globes,2025,83,Springsteen: Deliver Me from Nowhere,Music
golden globes,2025,83,Springsteen: Deliver Me from Nowhere,Period Drama
golden globes,2025,83,Springsteen: Deliver Me from Nowhere,Psychological Drama
golden globes,2025,83,Springsteen: Deliver Me from Nowhere,Showbiz Drama
golden globes,2025,83,The Testament of Ann Lee,Drama
golden globes,2025,83,The Testament of Ann Lee,Musical
golden globes,2025,83,The Testament of Ann Lee,Period Drama
golden globes,2025,83,The Testament of Ann Lee,Biography
golden globes,2025,83,Train Dreams,Drama
golden globes,2025,83,Train Dreams,Psychological Drama
golden globes,2025,83,Train Dreams,Period Drama
golden globes,2025,83,Wicked: For Good,Family
golden globes,2025,83,Wicked: For Good,Fantasy
golden globes,2025,83,Wicked: For Good,Musical
golden globes,2025,83,Wicked: For Good,Drama
golden globes,2025,83,Wicked: For Good,Fairy Tale
golden globes,2025,83,Wicked: For Good,Romance