Source,Year,Ceremony,title,genre
oscars,2016,89th,Manchester by the Sea,Drama
oscars,2016,89th,Manchester by the Sea,Psychological Drama
oscars,2016,89th,Manchester by the Sea,Tragedy
oscars,2016,89th,Hacksaw Ridge,Biography
oscars,2016,89th,Hacksaw Ridge,Drama
oscars,2016,89th,Hacksaw Ridge,History
oscars,2016,89th,Hacksaw Ridge,War
oscars,2016,89th,Hacksaw Ridge,Epic
oscars,2016,89th,Hacksaw Ridge,Period Drama
oscars,2016,89th,Hacksaw Ridge,Psychological Drama
oscars,2016,89th,La La Land,Comedy
oscars,2016,89th,La La Land,Drama
oscars,2016,89th,La La Land,Showbiz Drama
oscars,2016,89th,La La Land,Musical
oscars,2016,89th,La La Land,Romance
oscars,2016,89th,La La Land,Romantic Comedy
oscars,2016,89th,Captain Fantastic,Comedy
oscars,2016,89th,Captain Fantastic,Drama
oscars,2016,89th,Captain Fantastic,Adventure
oscars,2016,89th,Captain Fantastic,Coming-of-Age
oscars,2016,89th,Fences,Drama
oscars,2016,89th,Fences,Period Drama
oscars,2016,89th,Elle,Drama
oscars,2016,89th,Elle,Thriller
oscars,2016,89th,Elle,Psychological Drama
oscars,2016,89th,Elle,Psychological Thriller
oscars,2016,89th,Elle,Tragedy
oscars,2016,89th,Elle,Mystery
oscars,2016,89th,Elle,Crime
oscars,2016,89th,Loving,Biography
oscars,2016,89th,Loving,Drama
oscars,2016,89th,Loving,Romance
oscars,2016,89th,Loving,Period Drama
oscars,2016,89th,Jackie,Biography
oscars,2016,89th,Jackie,Drama
oscars,2016,89th,Jackie,History
oscars,2016,89th,Jackie,Period Drama
oscars,2016,89th,Jackie,Psychological Drama
oscars,2016,89th,Jackie,Tragedy
oscars,2016,89th,Florence Foster Jenkins,Biography
oscars,2016,89th,Florence Foster Jenkins,Comedy
oscars,2016,89th,Florence Foster Jenkins,Drama
oscars,2016,89th,Florence Foster Jenkins,Music
oscars,2016,89th,Arrival,Drama
oscars,2016,89th,Arrival,Mystery
oscars,2016,89th,Arrival,Sci-Fi
oscars,2016,89th,Arrival,Psychological Drama
oscars,2016,89th,Arrival,Epic
oscars,2016,89th,Moonlight,Drama
oscars,2016,89th,Moonlight,Psychological Drama
oscars,2016,89th,Moonlight,Coming-of-Age
oscars,2016,89th,Hell or High Water,Crime
oscars,2016,89th,Hell or High Water,Drama
oscars,2016,89th,Hell or High Water,Tragedy
oscars,2016,89th,Hell or High Water,Heist
oscars,2016,89th,Hell or High Water,Western
oscars,2016,89th,Hell or High Water,Thriller
oscars,2016,89th,Hidden Figures,Biography
oscars,2016,89th,Hidden Figures,Drama
oscars,2016,89th,Hidden Figures,History
oscars,2016,89th,Hidden Figures,Period Drama
oscars,2016,89th,Lion,Biography
oscars,2016,89th,Lion,Drama
oscars,2016,89th,Lion,Coming-of-Age
oscars,2016,89th,The Lobster,Comedy
oscars,2016,89th,The Lobster,Drama
oscars,2016,89th,The Lobster,Romance
oscars,2016,89th,The Lobster,Sci-Fi
oscars,2016,89th,The Lobster,Dark Comedy
oscars,2016,89th,The Lobster,Thriller
oscars,2016,89th,20th Century Women,Comedy
oscars,2016,89th,20th Century Women,Drama
oscars,2016,89th,20th Century Women,Period Drama
oscars,2016,89th,20th Century Women,Coming-of-Age
oscars,2017,90th,Call Me By Your Name,Drama
oscars,2017,90th,Call Me By Your Name,Romance
oscars,2017,90th,Call Me By Your Name,Coming-of-Age
oscars,2017,90th,Phantom Thread,Drama
oscars,2017,90th,Phantom Thread,Romance
oscars,2017,90th,Phantom Thread,Epic
oscars,2017,90th,Phantom Thread,Period Drama
oscars,2017,90th,Phantom Thread,Psychological Drama
oscars,2017,90th,Phantom Thread,Dark Romance
oscars,2017,90th,Get Out,Horror
oscars,2017,90th,Get Out,Mystery
oscars,2017,90th,Get Out,Thriller
oscars,2017,90th,Get Out,Psychological Thriller
oscars,2017,90th,Get Out,Psychological Horror
oscars,2017,90th,Get Out,Body Horror
oscars,2017,90th,Darkest Hour,Biography
oscars,2017,90th,Darkest Hour,Drama
oscars,2017,90th,Darkest Hour,History
oscars,2017,90th,Darkest Hour,War
oscars,2017,90th,Darkest Hour,Period Drama
oscars,2017,90th,"Roman J. Israel, Esq.",Crime
oscars,2017,90th,"Roman J. Israel, Esq.",Drama
oscars,2017,90th,"Roman J. Israel, Esq.",Thriller
oscars,2017,90th,"Three Billboards outside Ebbing, Missouri",Comedy
oscars,2017,90th,"Three Billboards outside Ebbing, Missouri",Crime
oscars,2017,90th,"Three Billboards outside Ebbing, Missouri",Drama
oscars,2017,90th,"Three Billboards outside Ebbing, Missouri",Dark Comedy
oscars,2017,90th,"Three Billboards outside Ebbing, Missouri",Psychological Drama
oscars,2017,90th,"Three Billboards outside Ebbing, Missouri",Satire
oscars,2017,90th,"I, Tonya",Biography
oscars,2017,90th,"I, Tonya",Comedy
oscars,2017,90th,"I, Tonya",Drama
oscars,2017,90th,"I, Tonya",Sport
oscars,2017,90th,"I, Tonya",Dark Comedy
oscars,2017,90th,"I, Tonya",Period Drama
oscars,2017,90th,Lady Bird,Comedy
oscars,2017,90th,Lady Bird,Drama
oscars,2017,90th,Lady Bird,Coming-of-Age
oscars,2017,90th,The Shape of Water,Adventure
oscars,2017,90th,The Shape of Water,Drama
oscars,2017,90th,The Shape of Water,Fantasy
oscars,2017,90th,The Shape of Water,Romance
oscars,2017,90th,The Shape of Water,Dark Romance
oscars,2017,90th,The Shape of Water,Period Drama
oscars,2017,90th,The Shape of Water,Fairy Tale
oscars,2017,90th,The Shape of Water,Psychological Drama
oscars,2017,90th,The Shape of Water,Sci-Fi
oscars,2017,90th,The Post,Biography
oscars,2017,90th,The Post,Drama
oscars,2017,90th,The Post,History
oscars,2017,90th,The Post,Thriller
oscars,2017,90th,The Post,Period Drama
oscars,2017,90th,The Post,Psychological Drama
oscars,2017,90th,The Post,War
oscars,2017,90th,Dunkirk,Action
oscars,2017,90th,Dunkirk,Drama
oscars,2017,90th,Dunkirk,History
oscars,2017,90th,Dunkirk,Thriller
oscars,2017,90th,Dunkirk,War
oscars,2017,90th,Dunkirk,Epic
oscars,2017,90th,Dunkirk,Period Drama
oscars,2017,90th,The Disaster Artist,Biography
oscars,2017,90th,The Disaster Artist,Comedy
oscars,2017,90th,The Disaster Artist,Drama
oscars,2017,90th,The Disaster Artist,Dark Comedy
oscars,2017,90th,The Disaster Artist,Period Drama
oscars,2017,90th,Logan,Action
oscars,2017,90th,Logan,Drama
oscars,2017,90th,Logan,Sci-Fi
oscars,2017,90th,Logan,Psychological Drama
oscars,2017,90th,Logan,Psychological Thriller
oscars,2017,90th,Logan,Quest
oscars,2017,90th,Logan,Superhero
oscars,2017,90th,Logan,Tragedy
oscars,2017,90th,Molly's Game,Biography
oscars,2017,90th,Molly's Game,Crime
oscars,2017,90th,Molly's Game,Drama
oscars,2017,90th,Mudbound,Drama
oscars,2017,90th,Mudbound,War
oscars,2017,90th,Mudbound,Period Drama
oscars,2017,90th,The Big Sick,Comedy
oscars,2017,90th,The Big Sick,Drama
oscars,2017,90th,The Big Sick,Romance
oscars,2017,90th,The Big Sick,Romantic Comedy
oscars,2018,91st,Vice,Comedy
oscars,2018,91st,Vice,Drama
oscars,2018,91st,Vice,History
oscars,2018,91st,Vice,Dark Comedy
oscars,2018,91st,Vice,Period Drama
oscars,2018,91st,Vice,Satire
oscars,2018,91st,A Star Is Born,Drama
oscars,2018,91st,A Star Is Born,Music
oscars,2018,91st,A Star Is Born,Romance
oscars,2018,91st,A Star Is Born,Epic
oscars,2018,91st,A Star Is Born,Showbiz Drama
oscars,2018,91st,A Star Is Born,Tragedy
oscars,2018,91st,At Eternity's Gate,Biography
oscars,2018,91st,At Eternity's Gate,Drama
oscars,2018,91st,At Eternity's Gate,Period Drama
oscars,2018,91st,At Eternity's Gate,Psychological Drama
oscars,2018,91st,Bohemian Rhapsody,Biography
oscars,2018,91st,Bohemian Rhapsody,Drama
oscars,2018,91st,Bohemian Rhapsody,Music
oscars,2018,91st,Bohemian Rhapsody,Period Drama
oscars,2018,91st,Bohemian Rhapsody,Showbiz Drama
oscars,2018,91st,Green Book,Biography
oscars,2018,91st,Green Book,Comedy
oscars,2018,91st,Green Book,Drama
oscars,2018,91st,Green Book,Period Drama
oscars,2018,91st,Green Book,Music
oscars,2018,91st,Roma,Drama
oscars,2018,91st,Roma,Period Drama
oscars,2018,91st,Roma,Psychological Drama
oscars,2018,91st,The Wife,Drama
oscars,2018,91st,The Wife,Psychological Drama
oscars,2018,91st,The Wife,Showbiz Drama
oscars,2018,91st,The Favourite,Biography
oscars,2018,91st,The Favourite,Comedy
oscars,2018,91st,The Favourite,Drama
oscars,2018,91st,The Favourite,History
oscars,2018,91st,The Favourite,Dark Comedy
oscars,2018,91st,The Favourite,Period Drama
oscars,2018,91st,The Favourite,Psychological Drama
oscars,2018,91st,Can You Ever Forgive Me?,Biography
oscars,2018,91st,Can You Ever Forgive Me?,Comedy
oscars,2018,91st,Can You Ever Forgive Me?,Crime
oscars,2018,91st,Can You Ever Forgive Me?,Drama
oscars,2018,91st,Can You Ever Forgive Me?,Period Drama
oscars,2018,91st,BlacKkKlansman,Biography
oscars,2018,91st,BlacKkKlansman,Comedy
oscars,2018,91st,BlacKkKlansman,Crime
oscars,2018,91st,BlacKkKlansman,Drama
oscars,2018,91st,BlacKkKlansman,Period Drama
oscars,2018,91st,BlacKkKlansman,Psychological Drama
oscars,2018,91st,Cold War,Drama
oscars,2018,91st,Cold War,Music
oscars,2018,91st,Cold War,Romance
oscars,2018,91st,Cold War,Epic
oscars,2018,91st,Cold War,Period Drama
oscars,2018,91st,Black Panther,Action
oscars,2018,91st,Black Panther,Adventure
oscars,2018,91st,Black Panther,Sci-Fi
oscars,2018,91st,Black Panther,Superhero
oscars,2018,91st,The Ballad of Buster Scruggs,Comedy
oscars,2018,91st,The Ballad of Buster Scruggs,Drama
oscars,2018,91st,The Ballad of Buster Scruggs,Musical
oscars,2018,91st,The Ballad of Buster Scruggs,Western
oscars,2018,91st,The Ballad of Buster Scruggs,Dark Comedy
oscars,2018,91st,The Ballad of Buster Scruggs,Psychological Drama
oscars,2018,91st,The Ballad of Buster Scruggs,Mystery
oscars,2018,91st,The Ballad of Buster Scruggs,Western
oscars,2018,91st,If Beale Street Could Talk,Drama
oscars,2018,91st,If Beale Street Could Talk,Romance
oscars,2018,91st,If Beale Street Could Talk,Period Drama
oscars,2018,91st,First Reformed,Drama
oscars,2018,91st,First Reformed,Mystery
oscars,2018,91st,First Reformed,Thriller
oscars,2018,91st,First Reformed,Psychological Drama
oscars,2018,91st,First Reformed,Psychological Thriller
oscars,2018,91st,First Reformed,Tragedy
oscars,2019,92nd,Pain and Glory,Drama
oscars,2019,92nd,Once upon a Time... in Hollywood,Comedy
oscars,2019,92nd,Once upon a Time... in Hollywood,Drama
oscars,2019,92nd,Once upon a Time... in Hollywood,Period Drama
oscars,2019,92nd,Once upon a Time... in Hollywood,Showbiz Drama
oscars,2019,92nd,Marriage Story,Comedy
oscars,2019,92nd,Marriage Story,Drama
oscars,2019,92nd,Marriage Story,Romance
oscars,2019,92nd,Marriage Story,Epic
oscars,2019,92nd,Marriage Story,Psychological Drama
oscars,2019,92nd,Joker,Crime
oscars,2019,92nd,Joker,Drama
oscars,2019,92nd,Joker,Thriller
oscars,2019,92nd,Joker,Period Drama
oscars,2019,92nd,Joker,Psychological Drama
oscars,2019,92nd,Joker,Psychological Thriller
oscars,2019,92nd,Joker,Tragedy
oscars,2019,92nd,The Two Popes,Biography
oscars,2019,92nd,The Two Popes,Psychological Drama
oscars,2019,92nd,The Two Popes,Drama
oscars,2019,92nd,Harriet,Biography
oscars,2019,92nd,Harriet,Drama
oscars,2019,92nd,Harriet,History
oscars,2019,92nd,Harriet,Action
oscars,2019,92nd,Harriet,Period Drama
oscars,2019,92nd,Little Women,Drama
oscars,2019,92nd,Little Women,Romance
oscars,2019,92nd,Little Women,Coming-of-Age
oscars,2019,92nd,Little Women,Epic
oscars,2019,92nd,Little Women,Period Drama
oscars,2019,92nd,Bombshell,Biography
oscars,2019,92nd,Bombshell,Drama
oscars,2019,92nd,Bombshell,Comedy
oscars,2019,92nd,Bombshell,Coming-of-Age
oscars,2019,92nd,Judy,Biography
oscars,2019,92nd,Judy,Drama
oscars,2019,92nd,Judy,Music
oscars,2019,92nd,Judy,Period Drama
oscars,2019,92nd,The Irishman,Biography
oscars,2019,92nd,The Irishman,Crime
oscars,2019,92nd,The Irishman,Drama
oscars,2019,92nd,The Irishman,Epic
oscars,2019,92nd,The Irishman,Period Drama
oscars,2019,92nd,The Irishman,Psychological Thriller
oscars,2019,92nd,1917,Action
oscars,2019,92nd,1917,Drama
oscars,2019,92nd,1917,War
oscars,2019,92nd,1917,Epic
oscars,2019,92nd,1917,Period Drama
oscars,2019,92nd,Parasite,Drama
oscars,2019,92nd,Parasite,Thriller
oscars,2019,92nd,Parasite,Dark Comedy
oscars,2019,92nd,Parasite,Psychological Drama
oscars,2019,92nd,Parasite,Psychological Thriller
oscars,2019,92nd,Parasite,Tragedy
oscars,2019,92nd,Ford v Ferrari,Action
oscars,2019,92nd,Ford v Ferrari,Biography
oscars,2019,92nd,Ford v Ferrari,Drama
oscars,2019,92nd,Ford v Ferrari,Sport
oscars,2019,92nd,Ford v Ferrari,Period Drama
oscars,2019,92nd,Jojo Rabbit,Comedy
oscars,2019,92nd,Jojo Rabbit,Drama
oscars,2019,92nd,Jojo Rabbit,War
oscars,2019,92nd,Jojo Rabbit,Coming-of-Age
oscars,2019,92nd,Jojo Rabbit,Dark Comedy
oscars,2019,92nd,Jojo Rabbit,Period Drama
oscars,2019,92nd,Jojo Rabbit,Psychological Drama
oscars,2019,92nd,Jojo Rabbit,Satire
oscars,2019,92nd,Knives Out,Comedy
oscars,2019,92nd,Knives Out,Crime
oscars,2019,92nd,Knives Out,Drama
oscars,2019,92nd,Knives Out,Mystery
oscars,2019,92nd,Knives Out,Thriller
oscars,2019,92nd,Knives Out,Satire
oscars,2020,93rd,Sound of Metal,Drama
oscars,2020,93rd,Sound of Metal,Music
oscars,2020,93rd,Sound of Metal,Psychological Drama
oscars,2020,93rd,Sound of Metal,Tragedy
oscars,2020,93rd,Ma Rainey's Black Bottom,Drama
oscars,2020,93rd,Ma Rainey's Black Bottom,Music
oscars,2020,93rd,Ma Rainey's Black Bottom,Period Drama
oscars,2020,93rd,The Father,Drama
oscars,2020,93rd,The Father,Mystery
oscars,2020,93rd,The Father,Psychological Drama
oscars,2020,93rd,Mank,Biography
oscars,2020,93rd,Mank,Comedy
oscars,2020,93rd,Mank,Drama
oscars,2020,93rd,Mank,Period Drama
oscars,2020,93rd,Mank,Showbiz Drama
oscars,2020,93rd,Minari,Drama
oscars,2020,93rd,The United States vs Billie Holiday,Biography
oscars,2020,93rd,The United States vs Billie Holiday,Drama
oscars,2020,93rd,The United States vs Billie Holiday,History
oscars,2020,93rd,The United States vs Billie Holiday,Music
oscars,2020,93rd,Pieces of a Woman,Drama
oscars,2020,93rd,Pieces of a Woman,Psychological Drama
oscars,2020,93rd,Nomadland,Drama
oscars,2020,93rd,Nomadland,Tragedy
oscars,2020,93rd,Promising Young Woman,Crime
oscars,2020,93rd,Promising Young Woman,Drama
oscars,2020,93rd,Promising Young Woman,Thriller
oscars,2020,93rd,Promising Young Woman,Psychological Thriller
oscars,2020,93rd,Promising Young Woman,Tragedy
oscars,2020,93rd,Promising Young Woman,Mystery
oscars,2020,93rd,Another Round,Comedy
oscars,2020,93rd,Another Round,Drama
oscars,2020,93rd,Another Round,Dark Comedy
oscars,2020,93rd,Another Round,Psychological Drama
oscars,2020,93rd,Judas and the Black Messiah,Biography
oscars,2020,93rd,Judas and the Black Messiah,Drama
oscars,2020,93rd,Judas and the Black Messiah,History
oscars,2020,93rd,Judas and the Black Messiah,Period Drama
oscars,2020,93rd,Judas and the Black Messiah,Psychological Drama
oscars,2020,93rd,Judas and the Black Messiah,Crime
oscars,2020,93rd,The Trial of the Chicago 7,Drama
oscars,2020,93rd,The Trial of the Chicago 8,History
oscars,2020,93rd,The Trial of the Chicago 9,Thriller
oscars,2020,93rd,Borat Subsequent Moviefilm,Comedy
oscars,2020,93rd,Borat Subsequent Moviefilm,Satire
oscars,2020,93rd,Borat Subsequent Moviefilm,Parody
oscars,2020,93rd,Borat Subsequent Moviefilm,Mockumentary
oscars,2020,93rd,One Night in Miami...,Drama
oscars,2020,93rd,The White Tiger,Crime
oscars,2020,93rd,The White Tiger,Drama
oscars,2021,94th,Being the Ricardos,Biography
oscars,2021,94th,Being the Ricardos,Drama
oscars,2021,94th,Being the Ricardos,Period Drama
oscars,2021,94th,Being the Ricardos,Showbiz Drama
oscars,2021,94th,The Power of the Dog,Drama
oscars,2021,94th,The Power of the Dog,Romance
oscars,2021,94th,The Power of the Dog,Western
oscars,2021,94th,The Power of the Dog,Psychological Drama
oscars,2021,94th,"tick, tick... BOOM!",Biography
oscars,2021,94th,"tick, tick... BOOM!",Drama
oscars,2021,94th,"tick, tick... BOOM!",Music
oscars,2021,94th,"tick, tick... BOOM!",Musical
oscars,2021,94th,King Richard,Biography
oscars,2021,94th,King Richard,Drama
oscars,2021,94th,King Richard,Sport
oscars,2021,94th,The Tragedy of Macbeth,Drama
oscars,2021,94th,The Tragedy of Macbeth,Thriller
oscars,2021,94th,The Tragedy of Macbeth,Period Drama
oscars,2021,94th,The Tragedy of Macbeth,Psychological Drama
oscars,2021,94th,The Tragedy of Macbeth,Psychological Thriller
oscars,2021,94th,The Tragedy of Macbeth,Tragedy
oscars,2021,94th,The Tragedy of Macbeth,Fantasy
oscars,2021,94th,The Tragedy of Macbeth,Mystery
oscars,2021,94th,The Eyes of Tammy Faye,Biography
oscars,2021,94th,The Eyes of Tammy Faye,Drama
oscars,2021,94th,The Eyes of Tammy Faye,Showbiz Drama
oscars,2021,94th,The Eyes of Tammy Faye,Period Drama
oscars,2021,94th,The Eyes of Tammy Faye,Romance
oscars,2021,94th,The Lost Daughter,Drama
oscars,2021,94th,The Lost Daughter,Psychological Drama
oscars,2021,94th,Parallel Mothers,Drama
oscars,2021,94th,Parallel Mothers,Psychological Drama
oscars,2021,94th,Parallel Mothers,Coming-of-Age
oscars,2021,94th,Spencer,Biography
oscars,2021,94th,Spencer,Drama
oscars,2021,94th,Spencer,Period Drama
oscars,2021,94th,Spencer,Psychological Drama
oscars,2021,94th,Belfast,Biography
oscars,2021,94th,Belfast,Drama
oscars,2021,94th,Belfast,Coming-of-Age
oscars,2021,94th,Belfast,Period Drama
oscars,2021,94th,Drive My Car,Drama
oscars,2021,94th,Drive My Car,Psychological Drama
oscars,2021,94th,Licorice Pizza,Comedy
oscars,2021,94th,Licorice Pizza,Drama
oscars,2021,94th,Licorice Pizza,Romance
oscars,2021,94th,Licorice Pizza,Coming-of-Age
oscars,2021,94th,Licorice Pizza,Period Drama
oscars,2021,94th,Licorice Pizza,Showbiz Drama
oscars,2021,94th,Licorice Pizza,Romantic Comedy
oscars,2021,94th,West Side Story,Crime
oscars,2021,94th,West Side Story,Drama
oscars,2021,94th,West Side Story,Musical
oscars,2021,94th,West Side Story,Romance
oscars,2021,94th,CODA,Comedy
oscars,2021,94th,CODA,Drama
oscars,2021,94th,CODA,Music
oscars,2021,94th,CODA,Coming-of-Age
oscars,2021,94th,Don't Look Up,Comedy
oscars,2021,94th,Don't Look Up,Drama
oscars,2021,94th,Don't Look Up,Sci-Fi
oscars,2021,94th,Don't Look Up,Dark Comedy
oscars,2021,94th,Don't Look Up,Satire
oscars,2021,94th,Don't Look Up,Tragedy
oscars,2021,94th,Dune,Action
oscars,2021,94th,Dune,Adventure
oscars,2021,94th,Dune,Drama
oscars,2021,94th,Dune,Sci-Fi
oscars,2021,94th,Dune,Epic
oscars,2021,94th,Nightmare Alley,Crime
oscars,2021,94th,Nightmare Alley,Drama
oscars,2021,94th,Nightmare Alley,Thriller
oscars,2021,94th,Nightmare Alley,Psychological Thriller
oscars,2021,94th,The Worst Person in the World,Comedy
oscars,2021,94th,The Worst Person in the World,Drama
oscars,2021,94th,The Worst Person in the World,Romance
oscars,2021,94th,The Worst Person in the World,Coming-of-Age
oscars,2021,94th,The Worst Person in the World,Epic
oscars,2021,94th,The Worst Person in the World,Psychological Drama
oscars,2021,94th,The Worst Person in the World,Romantic Comedy
oscars,2022,95th,Elvis,Biography
oscars,2022,95th,Elvis,Drama
oscars,2022,95th,Elvis,Music
oscars,2022,95th,Elvis,Epic
oscars,2022,95th,Elvis,Showbiz Drama
oscars,2022,95th,Elvis,Period Drama
oscars,2022,95th,The Banshees of Inisherin,Comedy
oscars,2022,95th,The Banshees of Inisherin,Drama
oscars,2022,95th,The Banshees of Inisherin,Tragedy
oscars,2022,95th,The Banshees of Inisherin,Psychological Drama
oscars,2022,95th,The Banshees of Inisherin,Period Drama
oscars,2022,95th,The Banshees of Inisherin,Dark Comedy
oscars,2022,95th,The Whale,Drama
oscars,2022,95th,The Whale,Psychological Drama
oscars,2022,95th,The Whale,Tragedy
oscars,2022,95th,The Whale,Epic
oscars,2022,95th,Aftersun,Drama
oscars,2022,95th,Aftersun,Coming-of-Age
oscars,2022,95th,Aftersun,Epic
oscars,2022,95th,Aftersun,Psychological Drama
oscars,2022,95th,Living,Drama
oscars,2022,95th,Living,Period Drama
oscars,2022,95th,Tar,Drama
oscars,2022,95th,Tar,Music
oscars,2022,95th,Tar,Epic
oscars,2022,95th,Tar,Psychological Drama
oscars,2022,95th,Tar,Tragedy
oscars,2022,95th,Blonde,Biography
oscars,2022,95th,Blonde,Drama
oscars,2022,95th,Blonde,Period Drama
oscars,2022,95th,Blonde,Psychological Drama
oscars,2022,95th,Blonde,Showbiz Drama
oscars,2022,95th,Blonde,Tragedy
oscars,2022,95th,To Leslie,Drama
oscars,2022,95th,The Fabelmans,Drama
oscars,2022,95th,The Fabelmans,Coming-of-Age
oscars,2022,95th,The Fabelmans,Period Drama
oscars,2022,95th,The Fabelmans,Psychological Drama
oscars,2022,95th,The Fabelmans,Showbiz Drama
oscars,2022,95th,Everything Everywhere All at Once,Action
oscars,2022,95th,Everything Everywhere All at Once,Adventure
oscars,2022,95th,Everything Everywhere All at Once,Comedy
oscars,2022,95th,Everything Everywhere All at Once,Sci-Fi
oscars,2022,95th,Everything Everywhere All at Once,Dark Comedy
oscars,2022,95th,Everything Everywhere All at Once,Epic
oscars,2022,95th,Triangle of Sadness,Comedy
oscars,2022,95th,Triangle of Sadness,Drama
oscars,2022,95th,Triangle of Sadness,Dark Comedy
oscars,2022,95th,Triangle of Sadness,Satire
oscars,2022,95th,Triangle of Sadness,Psychological Drama
oscars,2022,95th,All Quiet on the Western Front,Tragedy
oscars,2022,95th,All Quiet on the Western Front,Drama
oscars,2022,95th,All Quiet on the Western Front,War
oscars,2022,95th,All Quiet on the Western Front,Epic
oscars,2022,95th,All Quiet on the Western Front,Psychological Drama
oscars,2022,95th,All Quiet on the Western Front,Period Drama
oscars,2022,95th,Avatar: The Way of Water,Action
oscars,2022,95th,Avatar: The Way of Water,Adventure
oscars,2022,95th,Avatar: The Way of Water,Fantasy
oscars,2022,95th,Avatar: The Way of Water,Sci-Fi
oscars,2022,95th,Avatar: The Way of Water,Epic
oscars,2022,95th,Top Gun: Maverick,Action
oscars,2022,95th,Top Gun: Maverick,Drama
oscars,2022,95th,Top Gun: Maverick,Epic
oscars,2022,95th,Women Talking,Drama
oscars,2022,95th,Women Talking,Period Drama
oscars,2022,95th,Women Talking,Psychological Drama
oscars,2022,95th,Glass Onion: A Knives Out Mystery,Comedy
oscars,2022,95th,Glass Onion: A Knives Out Mystery,Crime
oscars,2022,95th,Glass Onion: A Knives Out Mystery,Drama
oscars,2022,95th,Glass Onion: A Knives Out Mystery,Mystery
oscars,2022,95th,Glass Onion: A Knives Out Mystery,Thriller
oscars,2022,95th,Glass Onion: A Knives Out Mystery,Satire
oscars,2023,96th,Maestro,Biography
oscars,2023,96th,Maestro,Drama
oscars,2023,96th,Maestro,Music
oscars,2023,96th,Maestro,Romance
oscars,2023,96th,Maestro,Period Drama
oscars,2023,96th,Rustin,Biography
oscars,2023,96th,Rustin,Drama
oscars,2023,96th,Rustin,History
oscars,2023,96th,The Holdovers,Comedy
oscars,2023,96th,The Holdovers,Drama
oscars,2023,96th,The Holdovers,Epic
oscars,2023,96th,The Holdovers,Period Drama
oscars,2023,96th,The Holdovers,Psychological Drama
oscars,2023,96th,Oppenheimer,Biography
oscars,2023,96th,Oppenheimer,Drama
oscars,2023,96th,Oppenheimer,History
oscars,2023,96th,Oppenheimer,Epic
oscars,2023,96th,Oppenheimer,Psychological Drama
oscars,2023,96th,Oppenheimer,Period Drama
oscars,2023,96th,American Fiction,Comedy
oscars,2023,96th,American Fiction,Drama
oscars,2023,96th,American Fiction,Dark Comedy
oscars,2023,96th,American Fiction,Psychological Drama
oscars,2023,96th,American Fiction,Satire
oscars,2023,96th,Nyad,Biography
oscars,2023,96th,Nyad,Drama
oscars,2023,96th,Nyad,Sport
oscars,2023,96th,Nyad,History
oscars,2023,96th,Killers of the Flower Moon,Crime
oscars,2023,96th,Killers of the Flower Moon,Drama
oscars,2023,96th,Killers of the Flower Moon,History
oscars,2023,96th,Killers of the Flower Moon,Western
oscars,2023,96th,Killers of the Flower Moon,Tragedy
oscars,2023,96th,Killers of the Flower Moon,Psychological Drama
oscars,2023,96th,Killers of the Flower Moon,Period Drama
oscars,2023,96th,Killers of the Flower Moon,Epic
oscars,2023,96th,Anatomy of a Fall,Crime
oscars,2023,96th,Anatomy of a Fall,Drama
oscars,2023,96th,Anatomy of a Fall,Mystery
oscars,2023,96th,Anatomy of a Fall,Epic
oscars,2023,96th,Anatomy of a Fall,Psychological Drama
oscars,2023,96th,Anatomy of a Fall,Psychological Thriller
oscars,2023,96th,Poor Things,Comedy
oscars,2023,96th,Poor Things,Drama
oscars,2023,96th,Poor Things,Romance
oscars,2023,96th,Poor Things,Sci-Fi
oscars,2023,96th,Poor Things,Dark Comedy
oscars,2023,96th,Poor Things,Psychological Drama
oscars,2023,96th,The Zone of Interest,Drama
oscars,2023,96th,The Zone of Interest,History
oscars,2023,96th,The Zone of Interest,War
oscars,2023,96th,The Zone of Interest,Psychological Drama
oscars,2023,96th,The Zone of Interest,Period Drama
oscars,2023,96th,Barbie,Adventure
oscars,2023,96th,Barbie,Comedy
oscars,2023,96th,Barbie,Fantasy
oscars,2023,96th,Barbie,Satire
oscars,2023,96th,Past Lives,Drama
oscars,2023,96th,Past Lives,Romance
oscars,2023,96th,Past Lives,Epic
oscars,2023,96th,Past Lives,Psychological Drama
oscars,2023,96th,Past Lives,Coming-of-Age
oscars,2023,96th,May December,Drama
oscars,2023,96th,May December,Dark Comedy
oscars,2023,96th,May December,Psychological Drama
oscars,2023,96th,May December,Comedy
oscars,2024,97th,The Brutalist,Drama
oscars,2024,97th,The Brutalist,Psychological Drama
oscars,2024,97th,The Brutalist,Epic
oscars,2024,97th,A Complete Unknown,Biography
oscars,2024,97th,A Complete Unknown,Drama
oscars,2024,97th,A Complete Unknown,Music
oscars,2024,97th,A Complete Unknown,Showbiz Drama
oscars,2024,97th,A Complete Unknown,Period Drama
oscars,2024,97th,Sing Sing,Drama
oscars,2024,97th,Sing Sing,Psychological Drama
oscars,2024,97th,Conclave,Drama
oscars,2024,97th,Conclave,Psychological Drama
oscars,2024,97th,Conclave,Thriller
oscars,2024,97th,Conclave,Psychological Thriller
oscars,2024,97th,The Apprentice,Drama
oscars,2024,97th,The Apprentice,Psychological Drama
oscars,2024,97th,The Apprentice,Thriller
oscars,2024,97th,The Apprentice,Psychological Thriller
oscars,2024,97th,Wicked,Fairy Tale
oscars,2024,97th,Wicked,Family
oscars,2024,97th,Wicked,Fantasy
oscars,2024,97th,Wicked,Musical
oscars,2024,97th,Wicked,Romance
oscars,2024,97th,Emilia Perez,Crime
oscars,2024,97th,Emilia Perez,Musical
oscars,2024,97th,Emilia Perez,Thriller
oscars,2024,97th,Emilia Perez,Drama
oscars,2024,97th,Anora,Comedy
oscars,2024,97th,Anora,Drama
oscars,2024,97th,Anora,Romance
oscars,2024,97th,Anora,Dark Comedy
oscars,2024,97th,The Substance,Drama
oscars,2024,97th,The Substance,Horror
oscars,2024,97th,The Substance,Sci-Fi
oscars,2024,97th,The Substance,Body Horror
oscars,2024,97th,The Substance,Dark Comedy
oscars,2024,97th,The Substance,Psychological Horr
oscars,2024,97th,The Substance,Showbiz Drama
oscars,2024,97th,The Substance,Tragedy
oscars,2024,97th,I'm Still Here,Biography
oscars,2024,97th,I'm Still Here,Drama
oscars,2024,97th,I'm Still Here,History
oscars,2024,97th,I'm Still Here,Psychological Drama
oscars,2024,97th,I'm Still Here,Period Drama
oscars,2024,97th,I'm Still Here,Epic
oscars,2024,97th,Dune: Part Two,Action
oscars,2024,97th,Dune: Part Two,Adventure
oscars,2024,97th,Dune: Part Two,Drama
oscars,2024,97th,Dune: Part Two,Sci-Fi
oscars,2024,97th,Dune: Part Two,Epic
oscars,2024,97th,Nickel Boys,Drama
oscars,2024,97th,Nickel Boys,Psychological Drama
oscars,2024,97th,Nickel Boys,Coming-of-Age
oscars,2024,97th,Nickel Boys,Tragedy
oscars,2024,97th,A Real Pain,Comedy
oscars,2024,97th,A Real Pain,Drama
oscars,2024,97th,September 5,Drama
oscars,2024,97th,September 6,History
oscars,2024,97th,September 7,Thriller
oscars,2024,97th,September 8,Period Drama
oscars,2024,97th,September 9,Tragedy
oscars,2025,97th,Marty Supreme,Drama
oscars,2025,97th,Marty Supreme,Sport
oscars,2025,97th,Marty Supreme,Dark Comedy
oscars,2025,97th,Marty Supreme,Epic
oscars,2025,97th,Marty Supreme,Period Drama
oscars,2025,97th,Marty Supreme,Psychological Drama
oscars,2025,97th,One Battle After Another,Action
oscars,2025,97th,One Battle After Another,Comedy
oscars,2025,97th,One Battle After Another,Crime
oscars,2025,97th,One Battle After Another,Drama
oscars,2025,97th,One Battle After Another,Psychological Thriller
oscars,2025,97th,One Battle After Another,Psychological Drama
oscars,2025,97th,One Battle After Another,Epic
oscars,2025,97th,One Battle After Another,Dark Comedy
oscars,2025,97th,Blue Moon,Biography
oscars,2025,97th,Blue Moon,Drama
oscars,2025,97th,Blue Moon,Psychological Drama
oscars,2025,97th,Blue Moon,History
oscars,2025,97th,Blue Moon,Music
oscars,2025,97th,Blue Moon,Romance
oscars,2025,97th,Blue Moon,Comedy
oscars,2025,97th,Sinners,Action
oscars,2025,97th,Sinners,Horror
oscars,2025,97th,Sinners,Thriller
oscars,2025,97th,Sinners,Period Drama
oscars,2025,97th,Sinners,Music
oscars,2025,97th,Sinners,Folk Horror
oscars,2025,97th,The Secret Agent,Drama
oscars,2025,97th,The Secret Agent,Thriller
oscars,2025,97th,The Secret Agent,Epic
oscars,2025,97th,The Secret Agent,Crime
oscars,2025,97th,The Secret Agent,Period Drama
oscars,2025,97th,The Secret Agent,Mystery
oscars,2025,97th,Hamnet,Biography
oscars,2025,97th,Hamnet,Drama
oscars,2025,97th,Hamnet,History
oscars,2025,97th,Hamnet,Epic
oscars,2025,97th,Hamnet,Period Drama
oscars,2025,97th,Hamnet,Psychological Drama
oscars,2025,97th,Hamnet,Tragedy
oscars,2025,97th,If I Had Legs I'd Kick You,Drama
oscars,2025,97th,If I Had Legs I'd Kick You,Psychological Drama
oscars,2025,97th,If I Had Legs I'd Kick You,Psychological Thriller
oscars,2025,97th,If I Had Legs I'd Kick You,Dark Comedy
oscars,2025,97th,If I Had Legs I'd Kick You,Thriller
oscars,2025,97th,Song Sung Blue,Biography
oscars,2025,97th,Song Sung Blue,Drama
oscars,2025,97th,Song Sung Blue,Music
oscars,2025,97th,Song Sung Blue,Musical
oscars,2025,97th,Song Sung Blue,Tragedy
oscars,2025,97th,Sentimental Value,Drama
oscars,2025,97th,Sentimental Value,Psychological Drama
oscars,2025,97th,Sentimental Value,Showbiz Drama
oscars,2025,97th,Bugonia,Comedy
oscars,2025,97th,Bugonia,Crime
oscars,2025,97th,Bugonia,Sci-Fi
oscars,2025,97th,Bugonia,Thriller
oscars,2025,97th,Bugonia,Satire
oscars,2025,97th,Bugonia,Dark Comedy
oscars,2025,97th,Bugonia,Psychological Thriller
oscars,2025,97th,F1,Action
oscars,2025,97th,F2,Drama
oscars,2025,97th,F3,Sport
oscars,2025,97th,Frankenstein,Drama
oscars,2025,97th,Frankenstein,Horror
oscars,2025,97th,Frankenstein,Sci-Fi
oscars,2025,97th,Frankenstein,Body Horror
oscars,2025,97th,Frankenstein,Psychological Drama
oscars,2025,97th,Frankenstein,Psychological Horror
oscars,2025,97th,Frankenstein,Tragedy
oscars,2025,97th,Frankenstein,Fantasy
oscars,2025,97th,Train Dreams,Drama
oscars,2025,97th,Train Dreams,Psychological Drama
oscars,2025,97th,Train Dreams,Period Drama
oscars,2025,97th,It Was Just an Accident,Drama
oscars,2025,97th,It Was Just an Accident,Thriller
oscars,2025,97th,It Was Just an Accident,Psychological Drama
oscars,2025,97th,It Was Just an Accident,Dark Comedy
oscars,2025,97th,It Was Just an Accident,Tragedy
oscars,2025,97th,It Was Just an Accident,Crime
oscars,2025,97th,It Was Just an Accident,Mystery